id,current_age,sex,education,apoe4,age_at_onset,visit,amyloid_ratio,time_years
1,63.1,Female,16,Carrier,NA,baseline,0.1105487,0
1,63.1,Female,16,Carrier,NA,time_2,NA,2
1,63.1,Female,16,Carrier,NA,time_4,0.109325197,4
1,63.1,Female,16,Carrier,NA,time_6,0.104756131,6
1,63.1,Female,16,Carrier,NA,time_8,0.107257697,8
2,65.6,Female,20,Carrier,NA,baseline,0.107481183,0
2,65.6,Female,20,Carrier,NA,time_2,0.109157373,2
2,65.6,Female,20,Carrier,NA,time_4,0.109457839,4
2,65.6,Female,20,Carrier,NA,time_6,0.105729713,6
2,65.6,Female,20,Carrier,NA,time_8,0.10661845,8
3,62.5,Male,16,Carrier,66.8,baseline,0.106087034,0
3,62.5,Male,16,Carrier,66.8,time_2,0.108744509,2
3,62.5,Male,16,Carrier,66.8,time_4,0.106065035,4
3,62.5,Male,16,Carrier,66.8,time_6,NA,6
3,62.5,Male,16,Carrier,66.8,time_8,0.106152357,8
4,69.8,Female,16,Non-carrier,NA,baseline,0.109251358,0
4,69.8,Female,16,Non-carrier,NA,time_2,0.108699686,2
4,69.8,Female,16,Non-carrier,NA,time_4,0.110540386,4
4,69.8,Female,16,Non-carrier,NA,time_6,0.107476797,6
4,69.8,Female,16,Non-carrier,NA,time_8,0.111212209,8
5,66,Male,16,Non-carrier,68.7,baseline,0.107950408,0
5,66,Male,16,Non-carrier,68.7,time_2,0.112273883,2
5,66,Male,16,Non-carrier,68.7,time_4,0.115139677,4
5,66,Male,16,Non-carrier,68.7,time_6,0.106606054,6
5,66,Male,16,Non-carrier,68.7,time_8,0.106052066,8
6,62.5,Male,16,Non-carrier,NA,baseline,0.112426974,0
6,62.5,Male,16,Non-carrier,NA,time_2,0.112853415,2
6,62.5,Male,16,Non-carrier,NA,time_4,0.11143945,4
6,62.5,Male,16,Non-carrier,NA,time_6,0.110279277,6
6,62.5,Male,16,Non-carrier,NA,time_8,0.114982747,8
7,66.5,Male,18,Non-carrier,74,baseline,0.112246391,0
7,66.5,Male,18,Non-carrier,74,time_2,NA,2
7,66.5,Male,18,Non-carrier,74,time_4,0.104251905,4
7,66.5,Male,18,Non-carrier,74,time_6,0.112485583,6
7,66.5,Male,18,Non-carrier,74,time_8,0.112055612,8
8,67.2,Female,18,Non-carrier,NA,baseline,0.109563372,0
8,67.2,Female,18,Non-carrier,NA,time_2,0.109470828,2
8,67.2,Female,18,Non-carrier,NA,time_4,NA,4
8,67.2,Female,18,Non-carrier,NA,time_6,0.108742168,6
8,67.2,Female,18,Non-carrier,NA,time_8,0.110268552,8
9,66.7,Female,16,Non-carrier,NA,baseline,0.112101884,0
9,66.7,Female,16,Non-carrier,NA,time_2,0.109781199,2
9,66.7,Female,16,Non-carrier,NA,time_4,0.108832888,4
9,66.7,Female,16,Non-carrier,NA,time_6,NA,6
9,66.7,Female,16,Non-carrier,NA,time_8,NA,8
10,64.1,Female,18,Non-carrier,NA,baseline,0.1116094,0
10,64.1,Female,18,Non-carrier,NA,time_2,0.111592149,2
10,64.1,Female,18,Non-carrier,NA,time_4,NA,4
10,64.1,Female,18,Non-carrier,NA,time_6,NA,6
10,64.1,Female,18,Non-carrier,NA,time_8,0.110051296,8
11,69.5,Female,16,Non-carrier,NA,baseline,0.109119335,0
11,69.5,Female,16,Non-carrier,NA,time_2,0.109316496,2
11,69.5,Female,16,Non-carrier,NA,time_4,0.1114037,4
11,69.5,Female,16,Non-carrier,NA,time_6,0.108586573,6
11,69.5,Female,16,Non-carrier,NA,time_8,0.108993335,8
12,66.2,Female,18,Non-carrier,NA,baseline,0.112042298,0
12,66.2,Female,18,Non-carrier,NA,time_2,0.114167481,2
12,66.2,Female,18,Non-carrier,NA,time_4,0.109859682,4
12,66.2,Female,18,Non-carrier,NA,time_6,0.106842794,6
12,66.2,Female,18,Non-carrier,NA,time_8,0.107334106,8
13,63.1,Male,12,Carrier,69,baseline,0.110300505,0
13,63.1,Male,12,Carrier,69,time_2,0.108534417,2
13,63.1,Male,12,Carrier,69,time_4,0.108100808,4
13,63.1,Male,12,Carrier,69,time_6,0.109229662,6
13,63.1,Male,12,Carrier,69,time_8,0.104861901,8
15,68.4,Male,20,Non-carrier,NA,baseline,0.111544948,0
15,68.4,Male,20,Non-carrier,NA,time_2,NA,2
15,68.4,Male,20,Non-carrier,NA,time_4,0.110798711,4
15,68.4,Male,20,Non-carrier,NA,time_6,0.110378192,6
15,68.4,Male,20,Non-carrier,NA,time_8,0.106742725,8
16,64.9,Female,16,Non-carrier,NA,baseline,0.110218888,0
16,64.9,Female,16,Non-carrier,NA,time_2,0.113741328,2
16,64.9,Female,16,Non-carrier,NA,time_4,0.111101474,4
16,64.9,Female,16,Non-carrier,NA,time_6,0.108852437,6
16,64.9,Female,16,Non-carrier,NA,time_8,0.109556166,8
17,65,Female,18,Non-carrier,NA,baseline,0.108399246,0
17,65,Female,18,Non-carrier,NA,time_2,0.113317542,2
17,65,Female,18,Non-carrier,NA,time_4,0.105909034,4
17,65,Female,18,Non-carrier,NA,time_6,0.107196914,6
17,65,Female,18,Non-carrier,NA,time_8,0.110199133,8
18,67.8,Male,16,Non-carrier,69.8,baseline,0.114137255,0
18,67.8,Male,16,Non-carrier,69.8,time_2,0.107093264,2
18,67.8,Male,16,Non-carrier,69.8,time_4,0.110872562,4
18,67.8,Male,16,Non-carrier,69.8,time_6,0.108982605,6
18,67.8,Male,16,Non-carrier,69.8,time_8,0.106873903,8
19,67.5,Male,16,Carrier,NA,baseline,0.106989637,0
19,67.5,Male,16,Carrier,NA,time_2,0.105861947,2
19,67.5,Male,16,Carrier,NA,time_4,0.107371076,4
19,67.5,Male,16,Carrier,NA,time_6,0.109003799,6
19,67.5,Male,16,Carrier,NA,time_8,0.102666279,8
20,66.8,Male,16,Non-carrier,NA,baseline,0.109546355,0
20,66.8,Male,16,Non-carrier,NA,time_2,0.114905811,2
20,66.8,Male,16,Non-carrier,NA,time_4,0.107900402,4
20,66.8,Male,16,Non-carrier,NA,time_6,0.104254203,6
20,66.8,Male,16,Non-carrier,NA,time_8,NA,8
21,67.8,Male,16,Non-carrier,NA,baseline,0.112307333,0
21,67.8,Male,16,Non-carrier,NA,time_2,NA,2
21,67.8,Male,16,Non-carrier,NA,time_4,0.108297956,4
21,67.8,Male,16,Non-carrier,NA,time_6,0.110300812,6
21,67.8,Male,16,Non-carrier,NA,time_8,0.108506223,8
22,67.3,Female,20,Carrier,74.6,baseline,0.109320501,0
22,67.3,Female,20,Carrier,74.6,time_2,NA,2
22,67.3,Female,20,Carrier,74.6,time_4,0.107524961,4
22,67.3,Female,20,Carrier,74.6,time_6,0.106098161,6
22,67.3,Female,20,Carrier,74.6,time_8,0.105416197,8
23,65.2,Male,18,Non-carrier,NA,baseline,0.114131595,0
23,65.2,Male,18,Non-carrier,NA,time_2,0.106741733,2
23,65.2,Male,18,Non-carrier,NA,time_4,NA,4
23,65.2,Male,18,Non-carrier,NA,time_6,0.107469873,6
23,65.2,Male,18,Non-carrier,NA,time_8,0.110544536,8
24,59,Female,12,Non-carrier,NA,baseline,0.116402071,0
24,59,Female,12,Non-carrier,NA,time_2,0.111696923,2
24,59,Female,12,Non-carrier,NA,time_4,0.110232524,4
24,59,Female,12,Non-carrier,NA,time_6,0.111166592,6
24,59,Female,12,Non-carrier,NA,time_8,0.114258539,8
25,66.9,Male,16,Non-carrier,NA,baseline,0.112064705,0
25,66.9,Male,16,Non-carrier,NA,time_2,0.111500661,2
25,66.9,Male,16,Non-carrier,NA,time_4,NA,4
25,66.9,Male,16,Non-carrier,NA,time_6,0.108690215,6
25,66.9,Male,16,Non-carrier,NA,time_8,NA,8
26,64.8,Female,20,Carrier,71.1,baseline,0.104749004,0
26,64.8,Female,20,Carrier,71.1,time_2,0.110171403,2
26,64.8,Female,20,Carrier,71.1,time_4,0.106128029,4
26,64.8,Female,20,Carrier,71.1,time_6,0.102036973,6
26,64.8,Female,20,Carrier,71.1,time_8,0.104994305,8
27,64.5,Female,16,Non-carrier,NA,baseline,0.110989538,0
27,64.5,Female,16,Non-carrier,NA,time_2,0.106955781,2
27,64.5,Female,16,Non-carrier,NA,time_4,0.114806616,4
27,64.5,Female,16,Non-carrier,NA,time_6,0.107115847,6
27,64.5,Female,16,Non-carrier,NA,time_8,0.105972994,8
28,60.6,Male,20,Non-carrier,NA,baseline,0.115005658,0
28,60.6,Male,20,Non-carrier,NA,time_2,0.115655949,2
28,60.6,Male,20,Non-carrier,NA,time_4,0.112172466,4
28,60.6,Male,20,Non-carrier,NA,time_6,0.112449191,6
28,60.6,Male,20,Non-carrier,NA,time_8,0.108843523,8
29,63.6,Male,16,Non-carrier,NA,baseline,0.115129874,0
29,63.6,Male,16,Non-carrier,NA,time_2,0.112980122,2
29,63.6,Male,16,Non-carrier,NA,time_4,0.1118295,4
29,63.6,Male,16,Non-carrier,NA,time_6,0.112608543,6
29,63.6,Male,16,Non-carrier,NA,time_8,0.112497893,8
30,66.3,Female,12,Non-carrier,73.1,baseline,0.109311868,0
30,66.3,Female,12,Non-carrier,73.1,time_2,0.111327152,2
30,66.3,Female,12,Non-carrier,73.1,time_4,0.107454368,4
30,66.3,Female,12,Non-carrier,73.1,time_6,0.113914306,6
30,66.3,Female,12,Non-carrier,73.1,time_8,0.108895642,8
31,69.1,Female,12,Non-carrier,NA,baseline,0.109918477,0
31,69.1,Female,12,Non-carrier,NA,time_2,0.108271983,2
31,69.1,Female,12,Non-carrier,NA,time_4,0.108206771,4
31,69.1,Female,12,Non-carrier,NA,time_6,0.105681631,6
31,69.1,Female,12,Non-carrier,NA,time_8,0.107525141,8
32,64.7,Male,16,Non-carrier,NA,baseline,0.113900561,0
32,64.7,Male,16,Non-carrier,NA,time_2,0.110762481,2
32,64.7,Male,16,Non-carrier,NA,time_4,0.109443041,4
32,64.7,Male,16,Non-carrier,NA,time_6,0.107025688,6
32,64.7,Male,16,Non-carrier,NA,time_8,0.11116698,8
33,66.2,Male,18,Non-carrier,NA,baseline,0.11282421,0
33,66.2,Male,18,Non-carrier,NA,time_2,0.110933268,2
33,66.2,Male,18,Non-carrier,NA,time_4,NA,4
33,66.2,Male,18,Non-carrier,NA,time_6,0.110644516,6
33,66.2,Male,18,Non-carrier,NA,time_8,0.106447411,8
34,64.8,Female,16,Carrier,NA,baseline,0.104993684,0
34,64.8,Female,16,Carrier,NA,time_2,0.104423118,2
34,64.8,Female,16,Carrier,NA,time_4,NA,4
34,64.8,Female,16,Carrier,NA,time_6,0.107896181,6
34,64.8,Female,16,Carrier,NA,time_8,0.107087733,8
35,60.9,Female,12,Non-carrier,NA,baseline,0.111469634,0
35,60.9,Female,12,Non-carrier,NA,time_2,0.11528595,2
35,60.9,Female,12,Non-carrier,NA,time_4,0.108868436,4
35,60.9,Female,12,Non-carrier,NA,time_6,0.109639633,6
35,60.9,Female,12,Non-carrier,NA,time_8,0.108461387,8
36,63.8,Male,16,Non-carrier,NA,baseline,0.113243449,0
36,63.8,Male,16,Non-carrier,NA,time_2,0.108346174,2
36,63.8,Male,16,Non-carrier,NA,time_4,0.114211489,4
36,63.8,Male,16,Non-carrier,NA,time_6,0.113578691,6
36,63.8,Male,16,Non-carrier,NA,time_8,0.112382504,8
37,63.8,Male,16,Non-carrier,NA,baseline,0.112698425,0
37,63.8,Male,16,Non-carrier,NA,time_2,0.114833189,2
37,63.8,Male,16,Non-carrier,NA,time_4,0.112628096,4
37,63.8,Male,16,Non-carrier,NA,time_6,0.113016322,6
37,63.8,Male,16,Non-carrier,NA,time_8,0.110599009,8
38,64.8,Female,18,Non-carrier,NA,baseline,0.112078587,0
38,64.8,Female,18,Non-carrier,NA,time_2,0.106174978,2
38,64.8,Female,18,Non-carrier,NA,time_4,0.108917893,4
38,64.8,Female,18,Non-carrier,NA,time_6,0.111679794,6
38,64.8,Female,18,Non-carrier,NA,time_8,0.109003574,8
39,68.3,Female,16,Carrier,70.2,baseline,0.104426255,0
39,68.3,Female,16,Carrier,70.2,time_2,NA,2
39,68.3,Female,16,Carrier,70.2,time_4,0.103901084,4
39,68.3,Female,16,Carrier,70.2,time_6,0.108309492,6
39,68.3,Female,16,Carrier,70.2,time_8,0.10220325,8
40,67.3,Male,16,Non-carrier,NA,baseline,0.110273161,0
40,67.3,Male,16,Non-carrier,NA,time_2,0.106484944,2
40,67.3,Male,16,Non-carrier,NA,time_4,0.10625245,4
40,67.3,Male,16,Non-carrier,NA,time_6,0.112426569,6
40,67.3,Male,16,Non-carrier,NA,time_8,0.107214432,8
41,64.5,Male,16,Non-carrier,NA,baseline,0.116358895,0
41,64.5,Male,16,Non-carrier,NA,time_2,0.11123813,2
41,64.5,Male,16,Non-carrier,NA,time_4,0.106242805,4
41,64.5,Male,16,Non-carrier,NA,time_6,0.115597605,6
41,64.5,Male,16,Non-carrier,NA,time_8,NA,8
42,64.2,Male,16,Non-carrier,NA,baseline,0.111611943,0
42,64.2,Male,16,Non-carrier,NA,time_2,0.112288748,2
42,64.2,Male,16,Non-carrier,NA,time_4,0.1111357,4
42,64.2,Male,16,Non-carrier,NA,time_6,0.107423818,6
42,64.2,Male,16,Non-carrier,NA,time_8,0.106798468,8
43,67.1,Female,16,Carrier,71.6,baseline,0.110428403,0
43,67.1,Female,16,Carrier,71.6,time_2,0.105244566,2
43,67.1,Female,16,Carrier,71.6,time_4,NA,4
43,67.1,Female,16,Carrier,71.6,time_6,0.108647685,6
43,67.1,Female,16,Carrier,71.6,time_8,0.102142812,8
44,66.7,Male,20,Non-carrier,NA,baseline,0.11033457,0
44,66.7,Male,20,Non-carrier,NA,time_2,0.106889675,2
44,66.7,Male,20,Non-carrier,NA,time_4,0.114852972,4
44,66.7,Male,20,Non-carrier,NA,time_6,0.108259502,6
44,66.7,Male,20,Non-carrier,NA,time_8,0.108429063,8
45,62.9,Male,20,Carrier,65.2,baseline,0.106887426,0
45,62.9,Male,20,Carrier,65.2,time_2,0.110818579,2
45,62.9,Male,20,Carrier,65.2,time_4,0.111516749,4
45,62.9,Male,20,Carrier,65.2,time_6,0.107179289,6
45,62.9,Male,20,Carrier,65.2,time_8,0.10457923,8
46,62.9,Male,16,Non-carrier,NA,baseline,0.109471438,0
46,62.9,Male,16,Non-carrier,NA,time_2,0.115916407,2
46,62.9,Male,16,Non-carrier,NA,time_4,0.113395876,4
46,62.9,Male,16,Non-carrier,NA,time_6,0.111078341,6
46,62.9,Male,16,Non-carrier,NA,time_8,0.113198416,8
47,66.1,Female,12,Carrier,NA,baseline,0.110545321,0
47,66.1,Female,12,Carrier,NA,time_2,0.106081847,2
47,66.1,Female,12,Carrier,NA,time_4,NA,4
47,66.1,Female,12,Carrier,NA,time_6,0.107847761,6
47,66.1,Female,12,Carrier,NA,time_8,0.10662516,8
48,67.3,Male,16,Non-carrier,NA,baseline,0.110589751,0
48,67.3,Male,16,Non-carrier,NA,time_2,0.118265809,2
48,67.3,Male,16,Non-carrier,NA,time_4,0.104885905,4
48,67.3,Male,16,Non-carrier,NA,time_6,0.109693764,6
48,67.3,Male,16,Non-carrier,NA,time_8,0.111567623,8
50,67.6,Female,18,Carrier,NA,baseline,0.107169039,0
50,67.6,Female,18,Carrier,NA,time_2,0.10473295,2
50,67.6,Female,18,Carrier,NA,time_4,0.108557518,4
50,67.6,Female,18,Carrier,NA,time_6,0.104577694,6
50,67.6,Female,18,Carrier,NA,time_8,0.104070382,8
51,66.2,Male,16,Non-carrier,NA,baseline,0.112642382,0
51,66.2,Male,16,Non-carrier,NA,time_2,0.111428735,2
51,66.2,Male,16,Non-carrier,NA,time_4,NA,4
51,66.2,Male,16,Non-carrier,NA,time_6,0.109139703,6
51,66.2,Male,16,Non-carrier,NA,time_8,0.110763947,8
52,63.2,Female,16,Carrier,NA,baseline,0.111360375,0
52,63.2,Female,16,Carrier,NA,time_2,NA,2
52,63.2,Female,16,Carrier,NA,time_4,0.105968742,4
52,63.2,Female,16,Carrier,NA,time_6,0.101625243,6
52,63.2,Female,16,Carrier,NA,time_8,0.108211349,8
53,66,Male,20,Non-carrier,NA,baseline,0.112152275,0
53,66,Male,20,Non-carrier,NA,time_2,0.11324751,2
53,66,Male,20,Non-carrier,NA,time_4,0.109562093,4
53,66,Male,20,Non-carrier,NA,time_6,0.110612356,6
53,66,Male,20,Non-carrier,NA,time_8,0.111641956,8
54,61.6,Female,16,Non-carrier,NA,baseline,0.1119746,0
54,61.6,Female,16,Non-carrier,NA,time_2,0.113741518,2
54,61.6,Female,16,Non-carrier,NA,time_4,0.112621732,4
54,61.6,Female,16,Non-carrier,NA,time_6,0.107033715,6
54,61.6,Female,16,Non-carrier,NA,time_8,0.110514169,8
55,69.3,Female,16,Carrier,73.6,baseline,0.101507799,0
55,69.3,Female,16,Carrier,73.6,time_2,0.105455229,2
55,69.3,Female,16,Carrier,73.6,time_4,0.104251537,4
55,69.3,Female,16,Carrier,73.6,time_6,0.106088762,6
55,69.3,Female,16,Carrier,73.6,time_8,0.103609078,8
56,70.9,Male,20,Non-carrier,NA,baseline,0.109192332,0
56,70.9,Male,20,Non-carrier,NA,time_2,0.109498539,2
56,70.9,Male,20,Non-carrier,NA,time_4,0.109589217,4
56,70.9,Male,20,Non-carrier,NA,time_6,0.106356285,6
56,70.9,Male,20,Non-carrier,NA,time_8,0.106426905,8
57,63.9,Female,16,Non-carrier,NA,baseline,0.108984035,0
57,63.9,Female,16,Non-carrier,NA,time_2,0.107700573,2
57,63.9,Female,16,Non-carrier,NA,time_4,0.109241877,4
57,63.9,Female,16,Non-carrier,NA,time_6,NA,6
57,63.9,Female,16,Non-carrier,NA,time_8,0.105709243,8
58,61.9,Male,12,Non-carrier,NA,baseline,0.114595933,0
58,61.9,Male,12,Non-carrier,NA,time_2,0.111352261,2
58,61.9,Male,12,Non-carrier,NA,time_4,0.112874539,4
58,61.9,Male,12,Non-carrier,NA,time_6,0.111821774,6
58,61.9,Male,12,Non-carrier,NA,time_8,0.110010365,8
59,66.7,Female,20,Carrier,74.4,baseline,0.103415696,0
59,66.7,Female,20,Carrier,74.4,time_2,0.10351346,2
59,66.7,Female,20,Carrier,74.4,time_4,0.100971886,4
59,66.7,Female,20,Carrier,74.4,time_6,0.108515848,6
59,66.7,Female,20,Carrier,74.4,time_8,0.104119779,8
60,64.6,Male,18,Non-carrier,NA,baseline,0.117059602,0
60,64.6,Male,18,Non-carrier,NA,time_2,0.108726723,2
60,64.6,Male,18,Non-carrier,NA,time_4,0.114616686,4
60,64.6,Male,18,Non-carrier,NA,time_6,0.113010154,6
60,64.6,Male,18,Non-carrier,NA,time_8,0.108289209,8
61,72.2,Male,16,Non-carrier,NA,baseline,0.111657594,0
61,72.2,Male,16,Non-carrier,NA,time_2,0.110695476,2
61,72.2,Male,16,Non-carrier,NA,time_4,0.108442578,4
61,72.2,Male,16,Non-carrier,NA,time_6,0.111418671,6
61,72.2,Male,16,Non-carrier,NA,time_8,0.106864815,8
62,64.9,Female,18,Non-carrier,NA,baseline,0.116002304,0
62,64.9,Female,18,Non-carrier,NA,time_2,0.108109054,2
62,64.9,Female,18,Non-carrier,NA,time_4,0.112990262,4
62,64.9,Female,18,Non-carrier,NA,time_6,0.108264264,6
62,64.9,Female,18,Non-carrier,NA,time_8,0.109523624,8
63,67.1,Female,20,Non-carrier,NA,baseline,0.110500693,0
63,67.1,Female,20,Non-carrier,NA,time_2,0.10970472,2
63,67.1,Female,20,Non-carrier,NA,time_4,0.109146796,4
63,67.1,Female,20,Non-carrier,NA,time_6,0.110698585,6
63,67.1,Female,20,Non-carrier,NA,time_8,0.108102955,8
64,65.1,Male,16,Carrier,NA,baseline,0.112127194,0
64,65.1,Male,16,Carrier,NA,time_2,0.1087145,2
64,65.1,Male,16,Carrier,NA,time_4,0.108195677,4
64,65.1,Male,16,Carrier,NA,time_6,0.107059598,6
64,65.1,Male,16,Carrier,NA,time_8,0.105631869,8
65,62.8,Female,16,Non-carrier,66.5,baseline,0.11256305,0
65,62.8,Female,16,Non-carrier,66.5,time_2,0.11366025,2
65,62.8,Female,16,Non-carrier,66.5,time_4,0.112475164,4
65,62.8,Female,16,Non-carrier,66.5,time_6,0.111539121,6
65,62.8,Female,16,Non-carrier,66.5,time_8,0.111844573,8
66,65.6,Female,20,Non-carrier,NA,baseline,0.111954901,0
66,65.6,Female,20,Non-carrier,NA,time_2,0.110838014,2
66,65.6,Female,20,Non-carrier,NA,time_4,0.113296815,4
66,65.6,Female,20,Non-carrier,NA,time_6,0.10903554,6
66,65.6,Female,20,Non-carrier,NA,time_8,0.106355888,8
67,59.6,Male,18,Non-carrier,64.2,baseline,0.11229141,0
67,59.6,Male,18,Non-carrier,64.2,time_2,NA,2
67,59.6,Male,18,Non-carrier,64.2,time_4,0.109758184,4
67,59.6,Male,18,Non-carrier,64.2,time_6,NA,6
67,59.6,Male,18,Non-carrier,64.2,time_8,0.109166863,8
68,69.4,Male,20,Non-carrier,NA,baseline,0.113514969,0
68,69.4,Male,20,Non-carrier,NA,time_2,0.11572734,2
68,69.4,Male,20,Non-carrier,NA,time_4,0.10879763,4
68,69.4,Male,20,Non-carrier,NA,time_6,0.109832607,6
68,69.4,Male,20,Non-carrier,NA,time_8,0.107130682,8
69,65.5,Female,20,Carrier,72.5,baseline,0.114392996,0
69,65.5,Female,20,Carrier,72.5,time_2,0.104970251,2
69,65.5,Female,20,Carrier,72.5,time_4,0.109161136,4
69,65.5,Female,20,Carrier,72.5,time_6,0.107839858,6
69,65.5,Female,20,Carrier,72.5,time_8,0.107005326,8
70,71.5,Male,16,Non-carrier,NA,baseline,0.11258955,0
70,71.5,Male,16,Non-carrier,NA,time_2,0.110998288,2
70,71.5,Male,16,Non-carrier,NA,time_4,0.110323734,4
70,71.5,Male,16,Non-carrier,NA,time_6,0.106420417,6
70,71.5,Male,16,Non-carrier,NA,time_8,0.108667851,8
71,66.4,Male,16,Non-carrier,NA,baseline,0.111170052,0
71,66.4,Male,16,Non-carrier,NA,time_2,0.117843678,2
71,66.4,Male,16,Non-carrier,NA,time_4,0.112303289,4
71,66.4,Male,16,Non-carrier,NA,time_6,0.111873152,6
71,66.4,Male,16,Non-carrier,NA,time_8,0.104601954,8
73,66.8,Female,18,Non-carrier,NA,baseline,NA,0
73,66.8,Female,18,Non-carrier,NA,time_2,0.109440795,2
73,66.8,Female,18,Non-carrier,NA,time_4,0.112072561,4
73,66.8,Female,18,Non-carrier,NA,time_6,0.104290102,6
73,66.8,Female,18,Non-carrier,NA,time_8,0.107973912,8
74,62.2,Male,20,Carrier,NA,baseline,0.11199154,0
74,62.2,Male,20,Carrier,NA,time_2,0.111793054,2
74,62.2,Male,20,Carrier,NA,time_4,0.108314413,4
74,62.2,Male,20,Carrier,NA,time_6,0.107177142,6
74,62.2,Male,20,Carrier,NA,time_8,0.107072996,8
75,61.2,Female,16,Carrier,65.4,baseline,0.108368094,0
75,61.2,Female,16,Carrier,65.4,time_2,0.10773377,2
75,61.2,Female,16,Carrier,65.4,time_4,0.105117512,4
75,61.2,Female,16,Carrier,65.4,time_6,0.106359342,6
75,61.2,Female,16,Carrier,65.4,time_8,0.105999842,8
76,65.9,Male,12,Non-carrier,68,baseline,0.110931307,0
76,65.9,Male,12,Non-carrier,68,time_2,0.109048068,2
76,65.9,Male,12,Non-carrier,68,time_4,0.106670279,4
76,65.9,Male,12,Non-carrier,68,time_6,0.10805051,6
76,65.9,Male,12,Non-carrier,68,time_8,0.111364424,8
77,63.7,Female,18,Carrier,66.4,baseline,0.107284617,0
77,63.7,Female,18,Carrier,66.4,time_2,0.106476261,2
77,63.7,Female,18,Carrier,66.4,time_4,0.112886515,4
77,63.7,Female,18,Carrier,66.4,time_6,0.101454474,6
77,63.7,Female,18,Carrier,66.4,time_8,0.10454377,8
78,65,Male,16,Non-carrier,68,baseline,0.113982537,0
78,65,Male,16,Non-carrier,68,time_2,0.110739736,2
78,65,Male,16,Non-carrier,68,time_4,0.113457585,4
78,65,Male,16,Non-carrier,68,time_6,0.111259357,6
78,65,Male,16,Non-carrier,68,time_8,0.108290955,8
79,65.2,Male,16,Non-carrier,NA,baseline,0.109816232,0
79,65.2,Male,16,Non-carrier,NA,time_2,0.112462775,2
79,65.2,Male,16,Non-carrier,NA,time_4,0.110359103,4
79,65.2,Male,16,Non-carrier,NA,time_6,0.108465947,6
79,65.2,Male,16,Non-carrier,NA,time_8,0.110077079,8
80,63.2,Male,20,Non-carrier,NA,baseline,0.114404744,0
80,63.2,Male,20,Non-carrier,NA,time_2,0.112232425,2
80,63.2,Male,20,Non-carrier,NA,time_4,0.113650805,4
80,63.2,Male,20,Non-carrier,NA,time_6,0.105629175,6
80,63.2,Male,20,Non-carrier,NA,time_8,0.112047717,8
81,63.3,Male,16,Non-carrier,NA,baseline,0.111769129,0
81,63.3,Male,16,Non-carrier,NA,time_2,0.113022403,2
81,63.3,Male,16,Non-carrier,NA,time_4,0.11429784,4
81,63.3,Male,16,Non-carrier,NA,time_6,0.111346443,6
81,63.3,Male,16,Non-carrier,NA,time_8,0.110568342,8
82,64.6,Male,12,Non-carrier,NA,baseline,0.106842105,0
82,64.6,Male,12,Non-carrier,NA,time_2,0.109246944,2
82,64.6,Male,12,Non-carrier,NA,time_4,0.112949219,4
82,64.6,Male,12,Non-carrier,NA,time_6,0.107515672,6
82,64.6,Male,12,Non-carrier,NA,time_8,0.109695421,8
83,68.5,Female,12,Non-carrier,NA,baseline,0.110867514,0
83,68.5,Female,12,Non-carrier,NA,time_2,0.108763415,2
83,68.5,Female,12,Non-carrier,NA,time_4,0.107042979,4
83,68.5,Female,12,Non-carrier,NA,time_6,0.105112564,6
83,68.5,Female,12,Non-carrier,NA,time_8,0.108152289,8
84,60.4,Male,20,Non-carrier,NA,baseline,0.109772289,0
84,60.4,Male,20,Non-carrier,NA,time_2,0.111280123,2
84,60.4,Male,20,Non-carrier,NA,time_4,0.112429218,4
84,60.4,Male,20,Non-carrier,NA,time_6,0.109864808,6
84,60.4,Male,20,Non-carrier,NA,time_8,0.110974151,8
85,66.8,Female,16,Non-carrier,NA,baseline,0.112680791,0
85,66.8,Female,16,Non-carrier,NA,time_2,0.110136142,2
85,66.8,Female,16,Non-carrier,NA,time_4,0.109738529,4
85,66.8,Female,16,Non-carrier,NA,time_6,0.112317873,6
85,66.8,Female,16,Non-carrier,NA,time_8,NA,8
86,66,Female,18,Carrier,71.7,baseline,0.108360583,0
86,66,Female,18,Carrier,71.7,time_2,0.102932875,2
86,66,Female,18,Carrier,71.7,time_4,0.106523976,4
86,66,Female,18,Carrier,71.7,time_6,0.104131568,6
86,66,Female,18,Carrier,71.7,time_8,0.101939043,8
87,68.2,Male,18,Non-carrier,76,baseline,0.113658986,0
87,68.2,Male,18,Non-carrier,76,time_2,0.110688998,2
87,68.2,Male,18,Non-carrier,76,time_4,0.112175174,4
87,68.2,Male,18,Non-carrier,76,time_6,0.107445684,6
87,68.2,Male,18,Non-carrier,76,time_8,0.103597297,8
88,64.1,Male,16,Non-carrier,NA,baseline,0.113149962,0
88,64.1,Male,16,Non-carrier,NA,time_2,0.114242052,2
88,64.1,Male,16,Non-carrier,NA,time_4,0.117254569,4
88,64.1,Male,16,Non-carrier,NA,time_6,NA,6
88,64.1,Male,16,Non-carrier,NA,time_8,0.112467469,8
89,66.1,Female,16,Carrier,66.2,baseline,0.106393057,0
89,66.1,Female,16,Carrier,66.2,time_2,0.10721245,2
89,66.1,Female,16,Carrier,66.2,time_4,NA,4
89,66.1,Female,16,Carrier,66.2,time_6,0.104814949,6
89,66.1,Female,16,Carrier,66.2,time_8,0.100291816,8
90,65.8,Male,16,Non-carrier,NA,baseline,0.111350211,0
90,65.8,Male,16,Non-carrier,NA,time_2,0.108327816,2
90,65.8,Male,16,Non-carrier,NA,time_4,0.110971204,4
90,65.8,Male,16,Non-carrier,NA,time_6,0.111208231,6
90,65.8,Male,16,Non-carrier,NA,time_8,0.109673371,8
91,63.4,Male,16,Carrier,NA,baseline,0.108286598,0
91,63.4,Male,16,Carrier,NA,time_2,0.108503416,2
91,63.4,Male,16,Carrier,NA,time_4,0.104867456,4
91,63.4,Male,16,Carrier,NA,time_6,0.107243697,6
91,63.4,Male,16,Carrier,NA,time_8,0.103342003,8
93,68.5,Male,16,Carrier,NA,baseline,0.107302948,0
93,68.5,Male,16,Carrier,NA,time_2,0.10815066,2
93,68.5,Male,16,Carrier,NA,time_4,0.102894277,4
93,68.5,Male,16,Carrier,NA,time_6,0.107999958,6
93,68.5,Male,16,Carrier,NA,time_8,0.10394613,8
94,67.1,Male,16,Non-carrier,NA,baseline,0.11389369,0
94,67.1,Male,16,Non-carrier,NA,time_2,NA,2
94,67.1,Male,16,Non-carrier,NA,time_4,0.113000849,4
94,67.1,Male,16,Non-carrier,NA,time_6,0.10867866,6
94,67.1,Male,16,Non-carrier,NA,time_8,0.112277473,8
95,69.8,Female,16,Non-carrier,NA,baseline,0.109724039,0
95,69.8,Female,16,Non-carrier,NA,time_2,0.107726306,2
95,69.8,Female,16,Non-carrier,NA,time_4,0.109543387,4
95,69.8,Female,16,Non-carrier,NA,time_6,NA,6
95,69.8,Female,16,Non-carrier,NA,time_8,0.105829673,8
96,66.7,Female,16,Non-carrier,NA,baseline,0.10882737,0
96,66.7,Female,16,Non-carrier,NA,time_2,0.115567697,2
96,66.7,Female,16,Non-carrier,NA,time_4,0.107410972,4
96,66.7,Female,16,Non-carrier,NA,time_6,0.110039381,6
96,66.7,Female,16,Non-carrier,NA,time_8,0.107708336,8
97,61.2,Male,16,Non-carrier,NA,baseline,0.111474758,0
97,61.2,Male,16,Non-carrier,NA,time_2,0.109985821,2
97,61.2,Male,16,Non-carrier,NA,time_4,0.109112853,4
97,61.2,Male,16,Non-carrier,NA,time_6,0.108639427,6
97,61.2,Male,16,Non-carrier,NA,time_8,0.107794924,8
98,63.3,Female,16,Carrier,NA,baseline,0.110120828,0
98,63.3,Female,16,Carrier,NA,time_2,0.107460146,2
98,63.3,Female,16,Carrier,NA,time_4,0.111702393,4
98,63.3,Female,16,Carrier,NA,time_6,0.108042001,6
98,63.3,Female,16,Carrier,NA,time_8,NA,8
99,61.3,Female,20,Non-carrier,NA,baseline,0.113739376,0
99,61.3,Female,20,Non-carrier,NA,time_2,0.113836662,2
99,61.3,Female,20,Non-carrier,NA,time_4,0.112302961,4
99,61.3,Female,20,Non-carrier,NA,time_6,0.10970711,6
99,61.3,Female,20,Non-carrier,NA,time_8,0.111980619,8
100,63.6,Female,16,Non-carrier,NA,baseline,0.111809236,0
100,63.6,Female,16,Non-carrier,NA,time_2,0.113480494,2
100,63.6,Female,16,Non-carrier,NA,time_4,0.108741417,4
100,63.6,Female,16,Non-carrier,NA,time_6,0.112060616,6
100,63.6,Female,16,Non-carrier,NA,time_8,0.108496272,8
101,63.1,Female,16,Non-carrier,NA,baseline,0.110027715,0
101,63.1,Female,16,Non-carrier,NA,time_2,0.107126479,2
101,63.1,Female,16,Non-carrier,NA,time_4,0.114302597,4
101,63.1,Female,16,Non-carrier,NA,time_6,NA,6
101,63.1,Female,16,Non-carrier,NA,time_8,0.109217169,8
102,65.1,Male,16,Non-carrier,NA,baseline,0.114021113,0
102,65.1,Male,16,Non-carrier,NA,time_2,0.111891046,2
102,65.1,Male,16,Non-carrier,NA,time_4,NA,4
102,65.1,Male,16,Non-carrier,NA,time_6,0.105846926,6
102,65.1,Male,16,Non-carrier,NA,time_8,0.109321568,8
103,62.3,Male,16,Non-carrier,NA,baseline,0.112685364,0
103,62.3,Male,16,Non-carrier,NA,time_2,0.110353689,2
103,62.3,Male,16,Non-carrier,NA,time_4,0.11297875,4
103,62.3,Male,16,Non-carrier,NA,time_6,0.110669275,6
103,62.3,Male,16,Non-carrier,NA,time_8,0.112546477,8
104,65.5,Male,12,Non-carrier,NA,baseline,0.115247354,0
104,65.5,Male,12,Non-carrier,NA,time_2,0.110250294,2
104,65.5,Male,12,Non-carrier,NA,time_4,0.109044095,4
104,65.5,Male,12,Non-carrier,NA,time_6,0.11062238,6
104,65.5,Male,12,Non-carrier,NA,time_8,0.112816101,8
105,63,Male,20,Non-carrier,NA,baseline,0.109296054,0
105,63,Male,20,Non-carrier,NA,time_2,0.110609633,2
105,63,Male,20,Non-carrier,NA,time_4,0.110215796,4
105,63,Male,20,Non-carrier,NA,time_6,0.11197232,6
105,63,Male,20,Non-carrier,NA,time_8,0.11586455,8
106,70.3,Female,16,Carrier,74.8,baseline,0.105380438,0
106,70.3,Female,16,Carrier,74.8,time_2,0.104828457,2
106,70.3,Female,16,Carrier,74.8,time_4,NA,4
106,70.3,Female,16,Carrier,74.8,time_6,0.101852464,6
106,70.3,Female,16,Carrier,74.8,time_8,0.104347845,8
107,67.2,Male,16,Carrier,NA,baseline,0.106831077,0
107,67.2,Male,16,Carrier,NA,time_2,0.106743189,2
107,67.2,Male,16,Carrier,NA,time_4,0.106388181,4
107,67.2,Male,16,Carrier,NA,time_6,0.106368477,6
107,67.2,Male,16,Carrier,NA,time_8,0.109349326,8
108,67.7,Male,16,Non-carrier,NA,baseline,0.114386093,0
108,67.7,Male,16,Non-carrier,NA,time_2,0.115448793,2
108,67.7,Male,16,Non-carrier,NA,time_4,0.106225786,4
108,67.7,Male,16,Non-carrier,NA,time_6,0.108570637,6
108,67.7,Male,16,Non-carrier,NA,time_8,0.111220793,8
109,66.2,Female,16,Carrier,68.4,baseline,0.107026721,0
109,66.2,Female,16,Carrier,68.4,time_2,0.107718021,2
109,66.2,Female,16,Carrier,68.4,time_4,0.104457501,4
109,66.2,Female,16,Carrier,68.4,time_6,0.100723304,6
109,66.2,Female,16,Carrier,68.4,time_8,0.100848092,8
110,70,Male,16,Non-carrier,NA,baseline,0.11508839,0
110,70,Male,16,Non-carrier,NA,time_2,0.109565612,2
110,70,Male,16,Non-carrier,NA,time_4,0.113467325,4
110,70,Male,16,Non-carrier,NA,time_6,0.110730718,6
110,70,Male,16,Non-carrier,NA,time_8,0.109706311,8
111,63.1,Male,16,Non-carrier,NA,baseline,0.116854074,0
111,63.1,Male,16,Non-carrier,NA,time_2,0.108924187,2
111,63.1,Male,16,Non-carrier,NA,time_4,NA,4
111,63.1,Male,16,Non-carrier,NA,time_6,0.11040878,6
111,63.1,Male,16,Non-carrier,NA,time_8,0.108420012,8
112,63.6,Female,18,Non-carrier,NA,baseline,0.111255089,0
112,63.6,Female,18,Non-carrier,NA,time_2,0.106622887,2
112,63.6,Female,18,Non-carrier,NA,time_4,0.107405587,4
112,63.6,Female,18,Non-carrier,NA,time_6,0.111182267,6
112,63.6,Female,18,Non-carrier,NA,time_8,0.109703985,8
113,69.3,Male,16,Carrier,NA,baseline,0.110601602,0
113,69.3,Male,16,Carrier,NA,time_2,0.106395652,2
113,69.3,Male,16,Carrier,NA,time_4,0.105653459,4
113,69.3,Male,16,Carrier,NA,time_6,0.104944529,6
113,69.3,Male,16,Carrier,NA,time_8,0.103201994,8
114,63,Female,18,Carrier,NA,baseline,0.109260791,0
114,63,Female,18,Carrier,NA,time_2,0.105549252,2
114,63,Female,18,Carrier,NA,time_4,0.108490992,4
114,63,Female,18,Carrier,NA,time_6,0.106399534,6
114,63,Female,18,Carrier,NA,time_8,0.107797014,8
115,64.4,Female,20,Non-carrier,NA,baseline,0.114378624,0
115,64.4,Female,20,Non-carrier,NA,time_2,0.109972567,2
115,64.4,Female,20,Non-carrier,NA,time_4,0.109285194,4
115,64.4,Female,20,Non-carrier,NA,time_6,0.10946718,6
115,64.4,Female,20,Non-carrier,NA,time_8,0.107488455,8
116,63.8,Male,20,Non-carrier,NA,baseline,0.116560093,0
116,63.8,Male,20,Non-carrier,NA,time_2,0.112065311,2
116,63.8,Male,20,Non-carrier,NA,time_4,0.113491941,4
116,63.8,Male,20,Non-carrier,NA,time_6,0.11171185,6
116,63.8,Male,20,Non-carrier,NA,time_8,0.113371387,8
117,64,Male,18,Carrier,NA,baseline,0.109024731,0
117,64,Male,18,Carrier,NA,time_2,0.103151047,2
117,64,Male,18,Carrier,NA,time_4,0.10950157,4
117,64,Male,18,Carrier,NA,time_6,0.105328335,6
117,64,Male,18,Carrier,NA,time_8,0.107953773,8
118,64.2,Female,16,Carrier,NA,baseline,0.10623753,0
118,64.2,Female,16,Carrier,NA,time_2,0.107475814,2
118,64.2,Female,16,Carrier,NA,time_4,0.105855583,4
118,64.2,Female,16,Carrier,NA,time_6,0.105872981,6
118,64.2,Female,16,Carrier,NA,time_8,0.104382242,8
119,66.5,Male,16,Non-carrier,NA,baseline,0.109791068,0
119,66.5,Male,16,Non-carrier,NA,time_2,0.11174097,2
119,66.5,Male,16,Non-carrier,NA,time_4,0.107977703,4
119,66.5,Male,16,Non-carrier,NA,time_6,0.109350074,6
119,66.5,Male,16,Non-carrier,NA,time_8,0.108662675,8
120,64.5,Female,20,Carrier,72.2,baseline,0.106856079,0
120,64.5,Female,20,Carrier,72.2,time_2,0.111398319,2
120,64.5,Female,20,Carrier,72.2,time_4,0.103014244,4
120,64.5,Female,20,Carrier,72.2,time_6,0.106365255,6
120,64.5,Female,20,Carrier,72.2,time_8,0.103045743,8
121,63.5,Male,18,Non-carrier,NA,baseline,0.109994928,0
121,63.5,Male,18,Non-carrier,NA,time_2,0.112206524,2
121,63.5,Male,18,Non-carrier,NA,time_4,0.116631,4
121,63.5,Male,18,Non-carrier,NA,time_6,0.114170985,6
121,63.5,Male,18,Non-carrier,NA,time_8,0.11071067,8
122,69,Female,16,Non-carrier,NA,baseline,0.108602738,0
122,69,Female,16,Non-carrier,NA,time_2,0.113932534,2
122,69,Female,16,Non-carrier,NA,time_4,0.108209099,4
122,69,Female,16,Non-carrier,NA,time_6,0.106157812,6
122,69,Female,16,Non-carrier,NA,time_8,0.104543774,8
123,64.4,Male,18,Carrier,67.4,baseline,0.108080327,0
123,64.4,Male,18,Carrier,67.4,time_2,0.112383506,2
123,64.4,Male,18,Carrier,67.4,time_4,0.11008691,4
123,64.4,Male,18,Carrier,67.4,time_6,0.107630692,6
123,64.4,Male,18,Carrier,67.4,time_8,0.101780509,8
124,64.5,Female,16,Non-carrier,NA,baseline,0.110921697,0
124,64.5,Female,16,Non-carrier,NA,time_2,0.113305901,2
124,64.5,Female,16,Non-carrier,NA,time_4,0.109506095,4
124,64.5,Female,16,Non-carrier,NA,time_6,NA,6
124,64.5,Female,16,Non-carrier,NA,time_8,0.108994442,8
125,64.7,Female,18,Carrier,NA,baseline,0.106641138,0
125,64.7,Female,18,Carrier,NA,time_2,0.106757629,2
125,64.7,Female,18,Carrier,NA,time_4,0.112118455,4
125,64.7,Female,18,Carrier,NA,time_6,0.107412383,6
125,64.7,Female,18,Carrier,NA,time_8,NA,8
126,67.1,Female,20,Non-carrier,NA,baseline,0.110768749,0
126,67.1,Female,20,Non-carrier,NA,time_2,0.10899961,2
126,67.1,Female,20,Non-carrier,NA,time_4,0.110787402,4
126,67.1,Female,20,Non-carrier,NA,time_6,0.10550369,6
126,67.1,Female,20,Non-carrier,NA,time_8,0.111256569,8
127,64.8,Male,16,Non-carrier,NA,baseline,0.112047183,0
127,64.8,Male,16,Non-carrier,NA,time_2,0.105310088,2
127,64.8,Male,16,Non-carrier,NA,time_4,0.109286554,4
127,64.8,Male,16,Non-carrier,NA,time_6,0.109626315,6
127,64.8,Male,16,Non-carrier,NA,time_8,0.11433579,8
128,64.9,Male,12,Non-carrier,NA,baseline,0.112333877,0
128,64.9,Male,12,Non-carrier,NA,time_2,0.108568217,2
128,64.9,Male,12,Non-carrier,NA,time_4,0.110533413,4
128,64.9,Male,12,Non-carrier,NA,time_6,0.108530887,6
128,64.9,Male,12,Non-carrier,NA,time_8,0.106439307,8
129,63,Male,16,Non-carrier,NA,baseline,0.111652233,0
129,63,Male,16,Non-carrier,NA,time_2,0.108378745,2
129,63,Male,16,Non-carrier,NA,time_4,0.117970399,4
129,63,Male,16,Non-carrier,NA,time_6,NA,6
129,63,Male,16,Non-carrier,NA,time_8,0.11186096,8
130,64,Male,18,Carrier,NA,baseline,0.106989065,0
130,64,Male,18,Carrier,NA,time_2,NA,2
130,64,Male,18,Carrier,NA,time_4,0.109311089,4
130,64,Male,18,Carrier,NA,time_6,0.105528678,6
130,64,Male,18,Carrier,NA,time_8,0.106655128,8
131,65.2,Female,12,Non-carrier,NA,baseline,0.110405798,0
131,65.2,Female,12,Non-carrier,NA,time_2,0.113509815,2
131,65.2,Female,12,Non-carrier,NA,time_4,0.109604924,4
131,65.2,Female,12,Non-carrier,NA,time_6,0.111704822,6
131,65.2,Female,12,Non-carrier,NA,time_8,0.110250155,8
132,63.2,Male,16,Carrier,66,baseline,0.10908984,0
132,63.2,Male,16,Carrier,66,time_2,0.108979186,2
132,63.2,Male,16,Carrier,66,time_4,0.106198191,4
132,63.2,Male,16,Carrier,66,time_6,0.105698988,6
132,63.2,Male,16,Carrier,66,time_8,0.102579378,8
133,66.6,Male,18,Non-carrier,NA,baseline,0.110993066,0
133,66.6,Male,18,Non-carrier,NA,time_2,0.110460449,2
133,66.6,Male,18,Non-carrier,NA,time_4,0.110122531,4
133,66.6,Male,18,Non-carrier,NA,time_6,0.115577617,6
133,66.6,Male,18,Non-carrier,NA,time_8,0.109602344,8
134,60.4,Male,16,Carrier,NA,baseline,0.107447162,0
134,60.4,Male,16,Carrier,NA,time_2,0.112071846,2
134,60.4,Male,16,Carrier,NA,time_4,0.108722076,4
134,60.4,Male,16,Carrier,NA,time_6,0.111803485,6
134,60.4,Male,16,Carrier,NA,time_8,0.108162058,8
135,65.9,Male,16,Non-carrier,NA,baseline,0.115837765,0
135,65.9,Male,16,Non-carrier,NA,time_2,0.111465011,2
135,65.9,Male,16,Non-carrier,NA,time_4,0.109640025,4
135,65.9,Male,16,Non-carrier,NA,time_6,0.114620782,6
135,65.9,Male,16,Non-carrier,NA,time_8,NA,8
136,60.4,Male,16,Non-carrier,NA,baseline,0.115013925,0
136,60.4,Male,16,Non-carrier,NA,time_2,0.111166502,2
136,60.4,Male,16,Non-carrier,NA,time_4,0.115401195,4
136,60.4,Male,16,Non-carrier,NA,time_6,0.112998492,6
136,60.4,Male,16,Non-carrier,NA,time_8,0.110384898,8
137,64.1,Male,16,Non-carrier,NA,baseline,0.11193317,0
137,64.1,Male,16,Non-carrier,NA,time_2,0.114117575,2
137,64.1,Male,16,Non-carrier,NA,time_4,0.109088028,4
137,64.1,Male,16,Non-carrier,NA,time_6,0.109061272,6
137,64.1,Male,16,Non-carrier,NA,time_8,0.111009139,8
138,63.4,Female,16,Carrier,NA,baseline,0.110229076,0
138,63.4,Female,16,Carrier,NA,time_2,0.104298316,2
138,63.4,Female,16,Carrier,NA,time_4,0.10770547,4
138,63.4,Female,16,Carrier,NA,time_6,0.104200884,6
138,63.4,Female,16,Carrier,NA,time_8,0.104660178,8
139,63,Female,18,Non-carrier,NA,baseline,0.115008273,0
139,63,Female,18,Non-carrier,NA,time_2,0.113611653,2
139,63,Female,18,Non-carrier,NA,time_4,0.110264797,4
139,63,Female,18,Non-carrier,NA,time_6,0.107995736,6
139,63,Female,18,Non-carrier,NA,time_8,0.110052978,8
140,64.8,Male,16,Non-carrier,NA,baseline,0.116166175,0
140,64.8,Male,16,Non-carrier,NA,time_2,NA,2
140,64.8,Male,16,Non-carrier,NA,time_4,0.112098521,4
140,64.8,Male,16,Non-carrier,NA,time_6,0.110705025,6
140,64.8,Male,16,Non-carrier,NA,time_8,0.112229408,8
141,59.3,Male,16,Carrier,NA,baseline,0.11309114,0
141,59.3,Male,16,Carrier,NA,time_2,0.112172823,2
141,59.3,Male,16,Carrier,NA,time_4,0.108161214,4
141,59.3,Male,16,Carrier,NA,time_6,0.103344036,6
141,59.3,Male,16,Carrier,NA,time_8,0.107180501,8
142,68.5,Male,18,Non-carrier,NA,baseline,0.11423289,0
142,68.5,Male,18,Non-carrier,NA,time_2,0.110216812,2
142,68.5,Male,18,Non-carrier,NA,time_4,0.108580769,4
142,68.5,Male,18,Non-carrier,NA,time_6,0.10495667,6
142,68.5,Male,18,Non-carrier,NA,time_8,0.10735787,8
143,60,Female,20,Non-carrier,NA,baseline,0.1112291,0
143,60,Female,20,Non-carrier,NA,time_2,0.111009934,2
143,60,Female,20,Non-carrier,NA,time_4,0.11188745,4
143,60,Female,20,Non-carrier,NA,time_6,0.110505947,6
143,60,Female,20,Non-carrier,NA,time_8,0.113182982,8
144,63.6,Male,16,Non-carrier,NA,baseline,0.10947315,0
144,63.6,Male,16,Non-carrier,NA,time_2,0.108971442,2
144,63.6,Male,16,Non-carrier,NA,time_4,0.109181603,4
144,63.6,Male,16,Non-carrier,NA,time_6,0.110871641,6
144,63.6,Male,16,Non-carrier,NA,time_8,0.115172267,8
145,61.7,Female,18,Non-carrier,NA,baseline,0.115590182,0
145,61.7,Female,18,Non-carrier,NA,time_2,0.110950889,2
145,61.7,Female,18,Non-carrier,NA,time_4,0.109407603,4
145,61.7,Female,18,Non-carrier,NA,time_6,0.113288423,6
145,61.7,Female,18,Non-carrier,NA,time_8,0.110477904,8
146,62.7,Female,16,Non-carrier,66.7,baseline,0.111194981,0
146,62.7,Female,16,Non-carrier,66.7,time_2,0.111374948,2
146,62.7,Female,16,Non-carrier,66.7,time_4,0.113454429,4
146,62.7,Female,16,Non-carrier,66.7,time_6,0.109239435,6
146,62.7,Female,16,Non-carrier,66.7,time_8,0.108603552,8
147,71.3,Male,16,Non-carrier,NA,baseline,0.112108085,0
147,71.3,Male,16,Non-carrier,NA,time_2,0.108528459,2
147,71.3,Male,16,Non-carrier,NA,time_4,0.104723614,4
147,71.3,Male,16,Non-carrier,NA,time_6,NA,6
147,71.3,Male,16,Non-carrier,NA,time_8,0.110421066,8
148,65.1,Male,16,Non-carrier,NA,baseline,0.112054084,0
148,65.1,Male,16,Non-carrier,NA,time_2,0.113265604,2
148,65.1,Male,16,Non-carrier,NA,time_4,0.109892049,4
148,65.1,Male,16,Non-carrier,NA,time_6,NA,6
148,65.1,Male,16,Non-carrier,NA,time_8,0.11074136,8
149,61.1,Female,16,Carrier,68.9,baseline,0.108500622,0
149,61.1,Female,16,Carrier,68.9,time_2,0.110531747,2
149,61.1,Female,16,Carrier,68.9,time_4,0.110113935,4
149,61.1,Female,16,Carrier,68.9,time_6,0.106510401,6
149,61.1,Female,16,Carrier,68.9,time_8,0.106897608,8
150,60.1,Male,12,Non-carrier,NA,baseline,0.116264805,0
150,60.1,Male,12,Non-carrier,NA,time_2,0.116821506,2
150,60.1,Male,12,Non-carrier,NA,time_4,0.111890244,4
150,60.1,Male,12,Non-carrier,NA,time_6,0.111029241,6
150,60.1,Male,12,Non-carrier,NA,time_8,0.110733996,8
151,66.4,Female,16,Non-carrier,NA,baseline,0.113608163,0
151,66.4,Female,16,Non-carrier,NA,time_2,0.108580916,2
151,66.4,Female,16,Non-carrier,NA,time_4,NA,4
151,66.4,Female,16,Non-carrier,NA,time_6,0.108361232,6
151,66.4,Female,16,Non-carrier,NA,time_8,0.105491237,8
152,64.9,Male,16,Non-carrier,NA,baseline,0.111559953,0
152,64.9,Male,16,Non-carrier,NA,time_2,0.11094917,2
152,64.9,Male,16,Non-carrier,NA,time_4,0.111302618,4
152,64.9,Male,16,Non-carrier,NA,time_6,0.112019038,6
152,64.9,Male,16,Non-carrier,NA,time_8,0.113345844,8
153,64,Female,16,Non-carrier,NA,baseline,0.113520275,0
153,64,Female,16,Non-carrier,NA,time_2,NA,2
153,64,Female,16,Non-carrier,NA,time_4,0.113732454,4
153,64,Female,16,Non-carrier,NA,time_6,0.111485554,6
153,64,Female,16,Non-carrier,NA,time_8,0.109185341,8
154,62.2,Female,16,Non-carrier,NA,baseline,0.115357541,0
154,62.2,Female,16,Non-carrier,NA,time_2,0.112842522,2
154,62.2,Female,16,Non-carrier,NA,time_4,0.110617021,4
154,62.2,Female,16,Non-carrier,NA,time_6,0.109017525,6
154,62.2,Female,16,Non-carrier,NA,time_8,0.111596206,8
155,60.5,Female,12,Non-carrier,NA,baseline,0.107989299,0
155,60.5,Female,12,Non-carrier,NA,time_2,0.111849869,2
155,60.5,Female,12,Non-carrier,NA,time_4,0.109039806,4
155,60.5,Female,12,Non-carrier,NA,time_6,0.106468902,6
155,60.5,Female,12,Non-carrier,NA,time_8,0.110687157,8
156,61.8,Male,18,Non-carrier,NA,baseline,0.11327259,0
156,61.8,Male,18,Non-carrier,NA,time_2,0.108405018,2
156,61.8,Male,18,Non-carrier,NA,time_4,0.111582218,4
156,61.8,Male,18,Non-carrier,NA,time_6,0.112479152,6
156,61.8,Male,18,Non-carrier,NA,time_8,0.112304393,8
157,68,Male,16,Carrier,NA,baseline,0.108814316,0
157,68,Male,16,Carrier,NA,time_2,0.109086169,2
157,68,Male,16,Carrier,NA,time_4,0.107297502,4
157,68,Male,16,Carrier,NA,time_6,0.107029454,6
157,68,Male,16,Carrier,NA,time_8,0.105370984,8
158,63.1,Male,18,Non-carrier,NA,baseline,0.110799627,0
158,63.1,Male,18,Non-carrier,NA,time_2,0.11301348,2
158,63.1,Male,18,Non-carrier,NA,time_4,0.113852777,4
158,63.1,Male,18,Non-carrier,NA,time_6,0.116274526,6
158,63.1,Male,18,Non-carrier,NA,time_8,0.109467369,8
159,60.8,Male,16,Non-carrier,NA,baseline,0.113930694,0
159,60.8,Male,16,Non-carrier,NA,time_2,0.108507079,2
159,60.8,Male,16,Non-carrier,NA,time_4,0.110776315,4
159,60.8,Male,16,Non-carrier,NA,time_6,0.11479313,6
159,60.8,Male,16,Non-carrier,NA,time_8,0.110638546,8
160,70.6,Male,16,Non-carrier,NA,baseline,0.111869498,0
160,70.6,Male,16,Non-carrier,NA,time_2,0.111419715,2
160,70.6,Male,16,Non-carrier,NA,time_4,0.107228577,4
160,70.6,Male,16,Non-carrier,NA,time_6,NA,6
160,70.6,Male,16,Non-carrier,NA,time_8,0.10848435,8
161,66.3,Male,16,Carrier,NA,baseline,0.108052962,0
161,66.3,Male,16,Carrier,NA,time_2,0.108523882,2
161,66.3,Male,16,Carrier,NA,time_4,0.106035669,4
161,66.3,Male,16,Carrier,NA,time_6,0.104354121,6
161,66.3,Male,16,Carrier,NA,time_8,0.107276016,8
162,64.3,Male,16,Carrier,NA,baseline,0.112475302,0
162,64.3,Male,16,Carrier,NA,time_2,0.109124332,2
162,64.3,Male,16,Carrier,NA,time_4,0.10792853,4
162,64.3,Male,16,Carrier,NA,time_6,NA,6
162,64.3,Male,16,Carrier,NA,time_8,0.109852207,8
163,68.2,Female,12,Non-carrier,NA,baseline,0.112747999,0
163,68.2,Female,12,Non-carrier,NA,time_2,0.112757952,2
163,68.2,Female,12,Non-carrier,NA,time_4,0.110345673,4
163,68.2,Female,12,Non-carrier,NA,time_6,NA,6
163,68.2,Female,12,Non-carrier,NA,time_8,NA,8
164,67.7,Male,16,Non-carrier,NA,baseline,0.112159516,0
164,67.7,Male,16,Non-carrier,NA,time_2,0.108272686,2
164,67.7,Male,16,Non-carrier,NA,time_4,0.115087294,4
164,67.7,Male,16,Non-carrier,NA,time_6,0.10709817,6
164,67.7,Male,16,Non-carrier,NA,time_8,0.111019004,8
165,63.1,Female,20,Non-carrier,NA,baseline,0.109260703,0
165,63.1,Female,20,Non-carrier,NA,time_2,0.109352691,2
165,63.1,Female,20,Non-carrier,NA,time_4,0.109101327,4
165,63.1,Female,20,Non-carrier,NA,time_6,0.107393766,6
165,63.1,Female,20,Non-carrier,NA,time_8,0.109186068,8
166,71.6,Male,12,Carrier,74.2,baseline,0.105211298,0
166,71.6,Male,12,Carrier,74.2,time_2,0.106707617,2
166,71.6,Male,12,Carrier,74.2,time_4,0.10962918,4
166,71.6,Male,12,Carrier,74.2,time_6,NA,6
166,71.6,Male,12,Carrier,74.2,time_8,0.099377278,8
167,64.2,Female,16,Non-carrier,NA,baseline,0.112697767,0
167,64.2,Female,16,Non-carrier,NA,time_2,0.111124248,2
167,64.2,Female,16,Non-carrier,NA,time_4,NA,4
167,64.2,Female,16,Non-carrier,NA,time_6,0.110748097,6
167,64.2,Female,16,Non-carrier,NA,time_8,0.108417124,8
168,60.7,Male,16,Non-carrier,NA,baseline,0.111097239,0
168,60.7,Male,16,Non-carrier,NA,time_2,0.113362548,2
168,60.7,Male,16,Non-carrier,NA,time_4,0.115290461,4
168,60.7,Male,16,Non-carrier,NA,time_6,0.109922399,6
168,60.7,Male,16,Non-carrier,NA,time_8,0.109546537,8
169,64.6,Female,16,Non-carrier,NA,baseline,0.113709367,0
169,64.6,Female,16,Non-carrier,NA,time_2,0.112876095,2
169,64.6,Female,16,Non-carrier,NA,time_4,0.109526265,4
169,64.6,Female,16,Non-carrier,NA,time_6,0.108440872,6
169,64.6,Female,16,Non-carrier,NA,time_8,0.108258147,8
170,65.6,Male,16,Non-carrier,70.7,baseline,0.11478716,0
170,65.6,Male,16,Non-carrier,70.7,time_2,0.111734748,2
170,65.6,Male,16,Non-carrier,70.7,time_4,0.111511576,4
170,65.6,Male,16,Non-carrier,70.7,time_6,0.113622709,6
170,65.6,Male,16,Non-carrier,70.7,time_8,0.11056932,8
171,71.9,Female,20,Non-carrier,NA,baseline,0.111764745,0
171,71.9,Female,20,Non-carrier,NA,time_2,NA,2
171,71.9,Female,20,Non-carrier,NA,time_4,0.107103936,4
171,71.9,Female,20,Non-carrier,NA,time_6,0.10691259,6
171,71.9,Female,20,Non-carrier,NA,time_8,0.106847156,8
172,65.3,Female,20,Non-carrier,NA,baseline,0.112279065,0
172,65.3,Female,20,Non-carrier,NA,time_2,0.109488967,2
172,65.3,Female,20,Non-carrier,NA,time_4,NA,4
172,65.3,Female,20,Non-carrier,NA,time_6,0.107735874,6
172,65.3,Female,20,Non-carrier,NA,time_8,0.109390607,8
173,66.4,Male,12,Carrier,NA,baseline,0.10665628,0
173,66.4,Male,12,Carrier,NA,time_2,0.107544877,2
173,66.4,Male,12,Carrier,NA,time_4,0.110430503,4
173,66.4,Male,12,Carrier,NA,time_6,0.106024565,6
173,66.4,Male,12,Carrier,NA,time_8,NA,8
174,64.8,Male,16,Non-carrier,NA,baseline,0.113870695,0
174,64.8,Male,16,Non-carrier,NA,time_2,0.105367393,2
174,64.8,Male,16,Non-carrier,NA,time_4,0.111429822,4
174,64.8,Male,16,Non-carrier,NA,time_6,0.110995589,6
174,64.8,Male,16,Non-carrier,NA,time_8,0.115150942,8
175,64,Female,18,Non-carrier,NA,baseline,0.110447213,0
175,64,Female,18,Non-carrier,NA,time_2,0.109257868,2
175,64,Female,18,Non-carrier,NA,time_4,0.115522341,4
175,64,Female,18,Non-carrier,NA,time_6,0.110509351,6
175,64,Female,18,Non-carrier,NA,time_8,0.109031623,8
176,64.9,Male,18,Non-carrier,NA,baseline,0.113669694,0
176,64.9,Male,18,Non-carrier,NA,time_2,0.110842203,2
176,64.9,Male,18,Non-carrier,NA,time_4,0.108509164,4
176,64.9,Male,18,Non-carrier,NA,time_6,0.112221473,6
176,64.9,Male,18,Non-carrier,NA,time_8,0.110039067,8
177,67.4,Female,16,Carrier,74.4,baseline,0.107080076,0
177,67.4,Female,16,Carrier,74.4,time_2,0.103880457,2
177,67.4,Female,16,Carrier,74.4,time_4,0.104338764,4
177,67.4,Female,16,Carrier,74.4,time_6,0.106399715,6
177,67.4,Female,16,Carrier,74.4,time_8,0.102465143,8
178,71.2,Female,20,Non-carrier,NA,baseline,0.110403961,0
178,71.2,Female,20,Non-carrier,NA,time_2,0.111385633,2
178,71.2,Female,20,Non-carrier,NA,time_4,0.110068277,4
178,71.2,Female,20,Non-carrier,NA,time_6,0.104541101,6
178,71.2,Female,20,Non-carrier,NA,time_8,0.106985618,8
180,68.6,Male,16,Non-carrier,NA,baseline,0.113806433,0
180,68.6,Male,16,Non-carrier,NA,time_2,NA,2
180,68.6,Male,16,Non-carrier,NA,time_4,0.114042045,4
180,68.6,Male,16,Non-carrier,NA,time_6,0.107161884,6
180,68.6,Male,16,Non-carrier,NA,time_8,0.107183292,8
181,61.3,Male,12,Carrier,NA,baseline,0.109548645,0
181,61.3,Male,12,Carrier,NA,time_2,0.111917541,2
181,61.3,Male,12,Carrier,NA,time_4,0.109278334,4
181,61.3,Male,12,Carrier,NA,time_6,0.11166621,6
181,61.3,Male,12,Carrier,NA,time_8,0.108968217,8
182,68,Male,18,Carrier,NA,baseline,0.108484174,0
182,68,Male,18,Carrier,NA,time_2,0.111536146,2
182,68,Male,18,Carrier,NA,time_4,0.107999137,4
182,68,Male,18,Carrier,NA,time_6,0.107726194,6
182,68,Male,18,Carrier,NA,time_8,0.105669413,8
183,65.7,Male,16,Carrier,NA,baseline,0.108565576,0
183,65.7,Male,16,Carrier,NA,time_2,0.106722774,2
183,65.7,Male,16,Carrier,NA,time_4,0.104901171,4
183,65.7,Male,16,Carrier,NA,time_6,0.106505678,6
183,65.7,Male,16,Carrier,NA,time_8,0.106399583,8
184,60.6,Male,20,Non-carrier,NA,baseline,0.118215335,0
184,60.6,Male,20,Non-carrier,NA,time_2,NA,2
184,60.6,Male,20,Non-carrier,NA,time_4,0.111813137,4
184,60.6,Male,20,Non-carrier,NA,time_6,0.114049341,6
184,60.6,Male,20,Non-carrier,NA,time_8,0.108880233,8
185,66.6,Female,12,Non-carrier,NA,baseline,0.111091191,0
185,66.6,Female,12,Non-carrier,NA,time_2,0.111206684,2
185,66.6,Female,12,Non-carrier,NA,time_4,0.105848361,4
185,66.6,Female,12,Non-carrier,NA,time_6,0.111476008,6
185,66.6,Female,12,Non-carrier,NA,time_8,0.106719007,8
186,64.5,Male,20,Carrier,69.5,baseline,0.105429887,0
186,64.5,Male,20,Carrier,69.5,time_2,NA,2
186,64.5,Male,20,Carrier,69.5,time_4,0.10383885,4
186,64.5,Male,20,Carrier,69.5,time_6,0.106167129,6
186,64.5,Male,20,Carrier,69.5,time_8,0.107530159,8
187,69.4,Male,16,Non-carrier,NA,baseline,0.109763067,0
187,69.4,Male,16,Non-carrier,NA,time_2,0.107664395,2
187,69.4,Male,16,Non-carrier,NA,time_4,0.108949405,4
187,69.4,Male,16,Non-carrier,NA,time_6,0.109036073,6
187,69.4,Male,16,Non-carrier,NA,time_8,NA,8
188,62.7,Female,12,Non-carrier,NA,baseline,0.11313781,0
188,62.7,Female,12,Non-carrier,NA,time_2,0.110913977,2
188,62.7,Female,12,Non-carrier,NA,time_4,0.110622844,4
188,62.7,Female,12,Non-carrier,NA,time_6,0.112630919,6
188,62.7,Female,12,Non-carrier,NA,time_8,0.11298672,8
189,63.7,Male,16,Non-carrier,NA,baseline,0.111063049,0
189,63.7,Male,16,Non-carrier,NA,time_2,0.113349902,2
189,63.7,Male,16,Non-carrier,NA,time_4,0.111611804,4
189,63.7,Male,16,Non-carrier,NA,time_6,0.113871913,6
189,63.7,Male,16,Non-carrier,NA,time_8,0.112309662,8
190,62.2,Male,12,Non-carrier,NA,baseline,0.11589442,0
190,62.2,Male,12,Non-carrier,NA,time_2,0.112072935,2
190,62.2,Male,12,Non-carrier,NA,time_4,NA,4
190,62.2,Male,12,Non-carrier,NA,time_6,0.112994382,6
190,62.2,Male,12,Non-carrier,NA,time_8,0.107960685,8
191,64.5,Female,16,Non-carrier,NA,baseline,0.109465952,0
191,64.5,Female,16,Non-carrier,NA,time_2,0.113946316,2
191,64.5,Female,16,Non-carrier,NA,time_4,0.109183966,4
191,64.5,Female,16,Non-carrier,NA,time_6,0.112456806,6
191,64.5,Female,16,Non-carrier,NA,time_8,0.110325377,8
192,66.2,Female,16,Carrier,NA,baseline,0.105397136,0
192,66.2,Female,16,Carrier,NA,time_2,0.105887324,2
192,66.2,Female,16,Carrier,NA,time_4,0.103669455,4
192,66.2,Female,16,Carrier,NA,time_6,0.106161333,6
192,66.2,Female,16,Carrier,NA,time_8,NA,8
193,62.8,Male,20,Carrier,NA,baseline,0.112570898,0
193,62.8,Male,20,Carrier,NA,time_2,0.109856279,2
193,62.8,Male,20,Carrier,NA,time_4,0.11034929,4
193,62.8,Male,20,Carrier,NA,time_6,0.107437412,6
193,62.8,Male,20,Carrier,NA,time_8,0.110393571,8
194,67.5,Female,16,Carrier,NA,baseline,0.107667466,0
194,67.5,Female,16,Carrier,NA,time_2,0.10454562,2
194,67.5,Female,16,Carrier,NA,time_4,0.105814679,4
194,67.5,Female,16,Carrier,NA,time_6,0.107261536,6
194,67.5,Female,16,Carrier,NA,time_8,0.101731113,8
195,61.4,Male,18,Carrier,NA,baseline,0.11018114,0
195,61.4,Male,18,Carrier,NA,time_2,0.107946141,2
195,61.4,Male,18,Carrier,NA,time_4,0.105704397,4
195,61.4,Male,18,Carrier,NA,time_6,0.113010336,6
195,61.4,Male,18,Carrier,NA,time_8,0.108083297,8
196,61.9,Female,16,Non-carrier,NA,baseline,0.113560672,0
196,61.9,Female,16,Non-carrier,NA,time_2,0.112007202,2
196,61.9,Female,16,Non-carrier,NA,time_4,0.107601041,4
196,61.9,Female,16,Non-carrier,NA,time_6,0.110555327,6
196,61.9,Female,16,Non-carrier,NA,time_8,0.112731537,8
197,69.3,Female,16,Non-carrier,NA,baseline,0.112997226,0
197,69.3,Female,16,Non-carrier,NA,time_2,NA,2
197,69.3,Female,16,Non-carrier,NA,time_4,0.111963376,4
197,69.3,Female,16,Non-carrier,NA,time_6,0.111256439,6
197,69.3,Female,16,Non-carrier,NA,time_8,0.109087119,8
198,62,Female,18,Non-carrier,NA,baseline,0.116171582,0
198,62,Female,18,Non-carrier,NA,time_2,0.113983608,2
198,62,Female,18,Non-carrier,NA,time_4,0.112201729,4
198,62,Female,18,Non-carrier,NA,time_6,0.106150358,6
198,62,Female,18,Non-carrier,NA,time_8,0.111221253,8
199,66.2,Male,18,Non-carrier,NA,baseline,0.112244767,0
199,66.2,Male,18,Non-carrier,NA,time_2,0.109552653,2
199,66.2,Male,18,Non-carrier,NA,time_4,0.110404571,4
199,66.2,Male,18,Non-carrier,NA,time_6,0.10790282,6
199,66.2,Male,18,Non-carrier,NA,time_8,0.112110757,8
200,63.9,Male,16,Non-carrier,NA,baseline,0.112462358,0
200,63.9,Male,16,Non-carrier,NA,time_2,0.109221298,2
200,63.9,Male,16,Non-carrier,NA,time_4,0.111819559,4
200,63.9,Male,16,Non-carrier,NA,time_6,0.10801035,6
200,63.9,Male,16,Non-carrier,NA,time_8,0.107276062,8
201,66.2,Male,18,Non-carrier,NA,baseline,0.108098798,0
201,66.2,Male,18,Non-carrier,NA,time_2,0.109902594,2
201,66.2,Male,18,Non-carrier,NA,time_4,NA,4
201,66.2,Male,18,Non-carrier,NA,time_6,0.112359508,6
201,66.2,Male,18,Non-carrier,NA,time_8,0.108116303,8
202,70.1,Female,18,Carrier,75.2,baseline,0.108924204,0
202,70.1,Female,18,Carrier,75.2,time_2,0.103006361,2
202,70.1,Female,18,Carrier,75.2,time_4,0.103228003,4
202,70.1,Female,18,Carrier,75.2,time_6,0.102029846,6
202,70.1,Female,18,Carrier,75.2,time_8,0.100056292,8
203,69.8,Female,18,Non-carrier,NA,baseline,0.108481607,0
203,69.8,Female,18,Non-carrier,NA,time_2,0.108858361,2
203,69.8,Female,18,Non-carrier,NA,time_4,NA,4
203,69.8,Female,18,Non-carrier,NA,time_6,0.107815484,6
203,69.8,Female,18,Non-carrier,NA,time_8,NA,8
204,64,Female,16,Non-carrier,NA,baseline,0.113843587,0
204,64,Female,16,Non-carrier,NA,time_2,0.107294914,2
204,64,Female,16,Non-carrier,NA,time_4,0.111010329,4
204,64,Female,16,Non-carrier,NA,time_6,0.107208468,6
204,64,Female,16,Non-carrier,NA,time_8,0.108662788,8
205,58.1,Female,16,Carrier,NA,baseline,0.110405326,0
205,58.1,Female,16,Carrier,NA,time_2,0.108214953,2
205,58.1,Female,16,Carrier,NA,time_4,0.107247746,4
205,58.1,Female,16,Carrier,NA,time_6,0.108624049,6
205,58.1,Female,16,Carrier,NA,time_8,0.107852263,8
206,72.5,Female,16,Non-carrier,NA,baseline,0.105185791,0
206,72.5,Female,16,Non-carrier,NA,time_2,0.106223307,2
206,72.5,Female,16,Non-carrier,NA,time_4,0.110413053,4
206,72.5,Female,16,Non-carrier,NA,time_6,0.105684222,6
206,72.5,Female,16,Non-carrier,NA,time_8,0.107486057,8
207,67,Female,16,Non-carrier,NA,baseline,0.110261676,0
207,67,Female,16,Non-carrier,NA,time_2,0.108526325,2
207,67,Female,16,Non-carrier,NA,time_4,0.109553088,4
207,67,Female,16,Non-carrier,NA,time_6,0.109083999,6
207,67,Female,16,Non-carrier,NA,time_8,0.109822586,8
208,66.6,Female,18,Non-carrier,NA,baseline,0.110355973,0
208,66.6,Female,18,Non-carrier,NA,time_2,0.108300166,2
208,66.6,Female,18,Non-carrier,NA,time_4,0.106700067,4
208,66.6,Female,18,Non-carrier,NA,time_6,0.103447275,6
208,66.6,Female,18,Non-carrier,NA,time_8,0.109363855,8
209,65,Male,16,Non-carrier,NA,baseline,0.112530533,0
209,65,Male,16,Non-carrier,NA,time_2,0.114170609,2
209,65,Male,16,Non-carrier,NA,time_4,0.110016151,4
209,65,Male,16,Non-carrier,NA,time_6,0.111912187,6
209,65,Male,16,Non-carrier,NA,time_8,0.110882342,8
210,66.5,Female,16,Non-carrier,NA,baseline,0.108214487,0
210,66.5,Female,16,Non-carrier,NA,time_2,0.110188868,2
210,66.5,Female,16,Non-carrier,NA,time_4,0.113068347,4
210,66.5,Female,16,Non-carrier,NA,time_6,0.106739447,6
210,66.5,Female,16,Non-carrier,NA,time_8,0.108359644,8
211,64.5,Male,16,Non-carrier,NA,baseline,0.114137467,0
211,64.5,Male,16,Non-carrier,NA,time_2,0.111451901,2
211,64.5,Male,16,Non-carrier,NA,time_4,0.11297526,4
211,64.5,Male,16,Non-carrier,NA,time_6,0.111840845,6
211,64.5,Male,16,Non-carrier,NA,time_8,0.108153563,8
212,66.3,Female,16,Carrier,NA,baseline,0.107937409,0
212,66.3,Female,16,Carrier,NA,time_2,0.10639588,2
212,66.3,Female,16,Carrier,NA,time_4,0.10736014,4
212,66.3,Female,16,Carrier,NA,time_6,0.103412602,6
212,66.3,Female,16,Carrier,NA,time_8,0.104867625,8
213,63.8,Male,16,Non-carrier,NA,baseline,0.11299686,0
213,63.8,Male,16,Non-carrier,NA,time_2,0.112907947,2
213,63.8,Male,16,Non-carrier,NA,time_4,0.111936644,4
213,63.8,Male,16,Non-carrier,NA,time_6,0.108544438,6
213,63.8,Male,16,Non-carrier,NA,time_8,0.108081178,8
214,60.9,Male,16,Non-carrier,NA,baseline,0.112598517,0
214,60.9,Male,16,Non-carrier,NA,time_2,0.110321332,2
214,60.9,Male,16,Non-carrier,NA,time_4,0.117071872,4
214,60.9,Male,16,Non-carrier,NA,time_6,0.111997771,6
214,60.9,Male,16,Non-carrier,NA,time_8,0.110278987,8
215,68,Male,16,Non-carrier,NA,baseline,0.111034389,0
215,68,Male,16,Non-carrier,NA,time_2,0.109935172,2
215,68,Male,16,Non-carrier,NA,time_4,0.109941957,4
215,68,Male,16,Non-carrier,NA,time_6,0.109059002,6
215,68,Male,16,Non-carrier,NA,time_8,0.107458997,8
216,69.6,Female,12,Non-carrier,NA,baseline,0.109018937,0
216,69.6,Female,12,Non-carrier,NA,time_2,NA,2
216,69.6,Female,12,Non-carrier,NA,time_4,0.106771338,4
216,69.6,Female,12,Non-carrier,NA,time_6,0.109148607,6
216,69.6,Female,12,Non-carrier,NA,time_8,0.106092654,8
217,64.1,Female,16,Non-carrier,NA,baseline,0.114991488,0
217,64.1,Female,16,Non-carrier,NA,time_2,0.111271838,2
217,64.1,Female,16,Non-carrier,NA,time_4,0.112281329,4
217,64.1,Female,16,Non-carrier,NA,time_6,0.108625478,6
217,64.1,Female,16,Non-carrier,NA,time_8,0.104229652,8
218,61.2,Male,16,Non-carrier,65.9,baseline,0.11380286,0
218,61.2,Male,16,Non-carrier,65.9,time_2,0.115676631,2
218,61.2,Male,16,Non-carrier,65.9,time_4,0.112240869,4
218,61.2,Male,16,Non-carrier,65.9,time_6,0.110319531,6
218,61.2,Male,16,Non-carrier,65.9,time_8,0.110548777,8
219,66.9,Female,16,Carrier,NA,baseline,0.107481863,0
219,66.9,Female,16,Carrier,NA,time_2,0.10477106,2
219,66.9,Female,16,Carrier,NA,time_4,0.109749603,4
219,66.9,Female,16,Carrier,NA,time_6,0.105062348,6
219,66.9,Female,16,Carrier,NA,time_8,0.101766786,8
220,64.9,Male,16,Non-carrier,NA,baseline,0.109545897,0
220,64.9,Male,16,Non-carrier,NA,time_2,0.113029162,2
220,64.9,Male,16,Non-carrier,NA,time_4,0.114310737,4
220,64.9,Male,16,Non-carrier,NA,time_6,NA,6
220,64.9,Male,16,Non-carrier,NA,time_8,0.1098184,8
221,59.8,Female,18,Non-carrier,NA,baseline,0.115256723,0
221,59.8,Female,18,Non-carrier,NA,time_2,0.114218397,2
221,59.8,Female,18,Non-carrier,NA,time_4,0.111954677,4
221,59.8,Female,18,Non-carrier,NA,time_6,0.111164524,6
221,59.8,Female,18,Non-carrier,NA,time_8,0.113910429,8
222,65,Male,16,Non-carrier,NA,baseline,0.10719587,0
222,65,Male,16,Non-carrier,NA,time_2,0.112179679,2
222,65,Male,16,Non-carrier,NA,time_4,NA,4
222,65,Male,16,Non-carrier,NA,time_6,0.106680502,6
222,65,Male,16,Non-carrier,NA,time_8,0.108297104,8
223,63.1,Female,20,Carrier,NA,baseline,0.108381993,0
223,63.1,Female,20,Carrier,NA,time_2,0.107049412,2
223,63.1,Female,20,Carrier,NA,time_4,0.10952307,4
223,63.1,Female,20,Carrier,NA,time_6,0.108223636,6
223,63.1,Female,20,Carrier,NA,time_8,0.103776878,8
224,64,Female,12,Non-carrier,NA,baseline,0.112909545,0
224,64,Female,12,Non-carrier,NA,time_2,0.112770958,2
224,64,Female,12,Non-carrier,NA,time_4,0.107760535,4
224,64,Female,12,Non-carrier,NA,time_6,0.10915948,6
224,64,Female,12,Non-carrier,NA,time_8,0.112712093,8
225,61.5,Male,16,Non-carrier,NA,baseline,0.114814304,0
225,61.5,Male,16,Non-carrier,NA,time_2,0.115060301,2
225,61.5,Male,16,Non-carrier,NA,time_4,0.116324032,4
225,61.5,Male,16,Non-carrier,NA,time_6,0.111921308,6
225,61.5,Male,16,Non-carrier,NA,time_8,0.111561345,8
226,70.4,Male,16,Non-carrier,75.4,baseline,0.113086843,0
226,70.4,Male,16,Non-carrier,75.4,time_2,0.110028856,2
226,70.4,Male,16,Non-carrier,75.4,time_4,0.110193695,4
226,70.4,Male,16,Non-carrier,75.4,time_6,0.107221396,6
226,70.4,Male,16,Non-carrier,75.4,time_8,0.105330637,8
227,64,Male,16,Carrier,NA,baseline,0.109379357,0
227,64,Male,16,Carrier,NA,time_2,NA,2
227,64,Male,16,Carrier,NA,time_4,0.109891454,4
227,64,Male,16,Carrier,NA,time_6,0.106144773,6
227,64,Male,16,Carrier,NA,time_8,0.105230652,8
228,60.2,Male,12,Non-carrier,NA,baseline,0.112070123,0
228,60.2,Male,12,Non-carrier,NA,time_2,0.116015774,2
228,60.2,Male,12,Non-carrier,NA,time_4,0.111885804,4
228,60.2,Male,12,Non-carrier,NA,time_6,0.110751579,6
228,60.2,Male,12,Non-carrier,NA,time_8,0.111124896,8
229,65.6,Female,18,Non-carrier,70.9,baseline,0.110090355,0
229,65.6,Female,18,Non-carrier,70.9,time_2,0.114248533,2
229,65.6,Female,18,Non-carrier,70.9,time_4,0.111349647,4
229,65.6,Female,18,Non-carrier,70.9,time_6,0.107372297,6
229,65.6,Female,18,Non-carrier,70.9,time_8,0.108299128,8
230,65.8,Female,20,Carrier,70.8,baseline,0.108365352,0
230,65.8,Female,20,Carrier,70.8,time_2,NA,2
230,65.8,Female,20,Carrier,70.8,time_4,0.105863778,4
230,65.8,Female,20,Carrier,70.8,time_6,0.107323444,6
230,65.8,Female,20,Carrier,70.8,time_8,0.106788809,8
231,62,Male,12,Carrier,NA,baseline,0.11458089,0
231,62,Male,12,Carrier,NA,time_2,0.109402445,2
231,62,Male,12,Carrier,NA,time_4,NA,4
231,62,Male,12,Carrier,NA,time_6,0.110877524,6
231,62,Male,12,Carrier,NA,time_8,0.108144787,8
232,56.3,Male,16,Non-carrier,NA,baseline,0.11595142,0
232,56.3,Male,16,Non-carrier,NA,time_2,NA,2
232,56.3,Male,16,Non-carrier,NA,time_4,0.116115676,4
232,56.3,Male,16,Non-carrier,NA,time_6,0.113432231,6
232,56.3,Male,16,Non-carrier,NA,time_8,0.109090531,8
233,63.1,Male,16,Non-carrier,NA,baseline,0.112893833,0
233,63.1,Male,16,Non-carrier,NA,time_2,0.115013335,2
233,63.1,Male,16,Non-carrier,NA,time_4,0.110634459,4
233,63.1,Male,16,Non-carrier,NA,time_6,0.106090678,6
233,63.1,Male,16,Non-carrier,NA,time_8,0.111046544,8
235,64.8,Male,16,Non-carrier,NA,baseline,0.11137802,0
235,64.8,Male,16,Non-carrier,NA,time_2,0.111378396,2
235,64.8,Male,16,Non-carrier,NA,time_4,0.109979911,4
235,64.8,Male,16,Non-carrier,NA,time_6,0.109572352,6
235,64.8,Male,16,Non-carrier,NA,time_8,0.108636003,8
236,64.7,Female,18,Non-carrier,NA,baseline,0.11558541,0
236,64.7,Female,18,Non-carrier,NA,time_2,NA,2
236,64.7,Female,18,Non-carrier,NA,time_4,0.110800328,4
236,64.7,Female,18,Non-carrier,NA,time_6,0.113297202,6
236,64.7,Female,18,Non-carrier,NA,time_8,0.10689018,8
237,66.7,Male,16,Non-carrier,NA,baseline,0.113196582,0
237,66.7,Male,16,Non-carrier,NA,time_2,0.10900657,2
237,66.7,Male,16,Non-carrier,NA,time_4,0.10950988,4
237,66.7,Male,16,Non-carrier,NA,time_6,0.111039211,6
237,66.7,Male,16,Non-carrier,NA,time_8,0.108035247,8
238,61.4,Male,16,Non-carrier,NA,baseline,0.112606834,0
238,61.4,Male,16,Non-carrier,NA,time_2,0.116397819,2
238,61.4,Male,16,Non-carrier,NA,time_4,0.115982548,4
238,61.4,Male,16,Non-carrier,NA,time_6,0.110050338,6
238,61.4,Male,16,Non-carrier,NA,time_8,0.110917812,8
239,68.3,Male,16,Non-carrier,NA,baseline,0.113600797,0
239,68.3,Male,16,Non-carrier,NA,time_2,0.106647566,2
239,68.3,Male,16,Non-carrier,NA,time_4,0.109082952,4
239,68.3,Male,16,Non-carrier,NA,time_6,0.111450092,6
239,68.3,Male,16,Non-carrier,NA,time_8,0.109565108,8
240,65,Female,16,Carrier,NA,baseline,0.107417229,0
240,65,Female,16,Carrier,NA,time_2,0.105284921,2
240,65,Female,16,Carrier,NA,time_4,0.108521814,4
240,65,Female,16,Carrier,NA,time_6,0.109283827,6
240,65,Female,16,Carrier,NA,time_8,NA,8
241,67.1,Male,12,Non-carrier,NA,baseline,0.110868908,0
241,67.1,Male,12,Non-carrier,NA,time_2,0.11549979,2
241,67.1,Male,12,Non-carrier,NA,time_4,0.111514495,4
241,67.1,Male,12,Non-carrier,NA,time_6,0.109334647,6
241,67.1,Male,12,Non-carrier,NA,time_8,0.106597782,8
242,68.1,Male,12,Non-carrier,75.6,baseline,0.110615293,0
242,68.1,Male,12,Non-carrier,75.6,time_2,0.112466023,2
242,68.1,Male,12,Non-carrier,75.6,time_4,0.110543716,4
242,68.1,Male,12,Non-carrier,75.6,time_6,0.108457735,6
242,68.1,Male,12,Non-carrier,75.6,time_8,0.106649029,8
243,65.7,Male,18,Non-carrier,NA,baseline,0.112000253,0
243,65.7,Male,18,Non-carrier,NA,time_2,0.108916554,2
243,65.7,Male,18,Non-carrier,NA,time_4,0.116997515,4
243,65.7,Male,18,Non-carrier,NA,time_6,0.113761549,6
243,65.7,Male,18,Non-carrier,NA,time_8,0.111077001,8
244,62.4,Male,16,Non-carrier,NA,baseline,0.113622725,0
244,62.4,Male,16,Non-carrier,NA,time_2,0.111634374,2
244,62.4,Male,16,Non-carrier,NA,time_4,0.116219419,4
244,62.4,Male,16,Non-carrier,NA,time_6,0.108497527,6
244,62.4,Male,16,Non-carrier,NA,time_8,NA,8
245,68.5,Female,16,Non-carrier,NA,baseline,0.110709106,0
245,68.5,Female,16,Non-carrier,NA,time_2,0.11144222300000001,2
245,68.5,Female,16,Non-carrier,NA,time_4,NA,4
245,68.5,Female,16,Non-carrier,NA,time_6,0.108201473,6
245,68.5,Female,16,Non-carrier,NA,time_8,NA,8
246,59,Female,16,Non-carrier,NA,baseline,0.107236319,0
246,59,Female,16,Non-carrier,NA,time_2,NA,2
246,59,Female,16,Non-carrier,NA,time_4,0.113907651,4
246,59,Female,16,Non-carrier,NA,time_6,0.116341044,6
246,59,Female,16,Non-carrier,NA,time_8,0.108183992,8
247,63.4,Female,16,Non-carrier,NA,baseline,0.112413078,0
247,63.4,Female,16,Non-carrier,NA,time_2,0.111275404,2
247,63.4,Female,16,Non-carrier,NA,time_4,0.113651628,4
247,63.4,Female,16,Non-carrier,NA,time_6,0.109358363,6
247,63.4,Female,16,Non-carrier,NA,time_8,0.109229675,8
248,64.2,Female,20,Non-carrier,NA,baseline,0.109496789,0
248,64.2,Female,20,Non-carrier,NA,time_2,0.110915407,2
248,64.2,Female,20,Non-carrier,NA,time_4,0.107768124,4
248,64.2,Female,20,Non-carrier,NA,time_6,0.109290972,6
248,64.2,Female,20,Non-carrier,NA,time_8,0.107677523,8
249,64.5,Female,16,Carrier,68.4,baseline,0.107875226,0
249,64.5,Female,16,Carrier,68.4,time_2,0.106120934,2
249,64.5,Female,16,Carrier,68.4,time_4,0.110522028,4
249,64.5,Female,16,Carrier,68.4,time_6,0.10443051,6
249,64.5,Female,16,Carrier,68.4,time_8,0.104297366,8
250,68.1,Male,16,Carrier,74.5,baseline,0.107287702,0
250,68.1,Male,16,Carrier,74.5,time_2,0.109043837,2
250,68.1,Male,16,Carrier,74.5,time_4,0.109596383,4
250,68.1,Male,16,Carrier,74.5,time_6,0.105458715,6
250,68.1,Male,16,Carrier,74.5,time_8,0.10294026,8
251,65.4,Male,16,Non-carrier,NA,baseline,0.113267198,0
251,65.4,Male,16,Non-carrier,NA,time_2,0.112860254,2
251,65.4,Male,16,Non-carrier,NA,time_4,0.110199541,4
251,65.4,Male,16,Non-carrier,NA,time_6,0.111853532,6
251,65.4,Male,16,Non-carrier,NA,time_8,0.110125816,8
252,66.2,Male,16,Carrier,69.6,baseline,0.106002663,0
252,66.2,Male,16,Carrier,69.6,time_2,0.109438988,2
252,66.2,Male,16,Carrier,69.6,time_4,0.104734598,4
252,66.2,Male,16,Carrier,69.6,time_6,0.108832219,6
252,66.2,Male,16,Carrier,69.6,time_8,0.105513741,8
253,64.8,Female,16,Non-carrier,NA,baseline,0.115134627,0
253,64.8,Female,16,Non-carrier,NA,time_2,0.110547291,2
253,64.8,Female,16,Non-carrier,NA,time_4,0.106714243,4
253,64.8,Female,16,Non-carrier,NA,time_6,0.106435844,6
253,64.8,Female,16,Non-carrier,NA,time_8,0.111616836,8
254,64.3,Female,16,Non-carrier,NA,baseline,0.110245956,0
254,64.3,Female,16,Non-carrier,NA,time_2,0.108772293,2
254,64.3,Female,16,Non-carrier,NA,time_4,0.110930495,4
254,64.3,Female,16,Non-carrier,NA,time_6,0.109040278,6
254,64.3,Female,16,Non-carrier,NA,time_8,0.106643493,8
255,67.1,Male,20,Non-carrier,NA,baseline,0.106253475,0
255,67.1,Male,20,Non-carrier,NA,time_2,0.110105251,2
255,67.1,Male,20,Non-carrier,NA,time_4,0.111223702,4
255,67.1,Male,20,Non-carrier,NA,time_6,0.109013934,6
255,67.1,Male,20,Non-carrier,NA,time_8,0.108802433,8
256,68.4,Male,16,Non-carrier,NA,baseline,0.110333058,0
256,68.4,Male,16,Non-carrier,NA,time_2,0.111191436,2
256,68.4,Male,16,Non-carrier,NA,time_4,0.111561994,4
256,68.4,Male,16,Non-carrier,NA,time_6,0.112290273,6
256,68.4,Male,16,Non-carrier,NA,time_8,0.105329408,8
257,57.8,Male,18,Non-carrier,NA,baseline,0.11543654,0
257,57.8,Male,18,Non-carrier,NA,time_2,0.113668756,2
257,57.8,Male,18,Non-carrier,NA,time_4,0.115979489,4
257,57.8,Male,18,Non-carrier,NA,time_6,0.118015523,6
257,57.8,Male,18,Non-carrier,NA,time_8,0.112190486,8
258,66.7,Male,16,Non-carrier,NA,baseline,0.112868713,0
258,66.7,Male,16,Non-carrier,NA,time_2,0.113611195,2
258,66.7,Male,16,Non-carrier,NA,time_4,0.113987558,4
258,66.7,Male,16,Non-carrier,NA,time_6,0.112578082,6
258,66.7,Male,16,Non-carrier,NA,time_8,NA,8
259,66.1,Female,16,Non-carrier,NA,baseline,0.108453633,0
259,66.1,Female,16,Non-carrier,NA,time_2,0.109658783,2
259,66.1,Female,16,Non-carrier,NA,time_4,0.113913322,4
259,66.1,Female,16,Non-carrier,NA,time_6,0.10932139,6
259,66.1,Female,16,Non-carrier,NA,time_8,NA,8
260,63.7,Male,18,Carrier,NA,baseline,0.109796797,0
260,63.7,Male,18,Carrier,NA,time_2,0.110224005,2
260,63.7,Male,18,Carrier,NA,time_4,NA,4
260,63.7,Male,18,Carrier,NA,time_6,0.109814774,6
260,63.7,Male,18,Carrier,NA,time_8,0.102045489,8
261,67.9,Male,16,Carrier,NA,baseline,0.103748954,0
261,67.9,Male,16,Carrier,NA,time_2,0.107379199,2
261,67.9,Male,16,Carrier,NA,time_4,0.108546849,4
261,67.9,Male,16,Carrier,NA,time_6,0.102970337,6
261,67.9,Male,16,Carrier,NA,time_8,0.107146837,8
262,63.8,Female,16,Non-carrier,NA,baseline,0.109446465,0
262,63.8,Female,16,Non-carrier,NA,time_2,0.111668885,2
262,63.8,Female,16,Non-carrier,NA,time_4,0.110423346,4
262,63.8,Female,16,Non-carrier,NA,time_6,0.107215863,6
262,63.8,Female,16,Non-carrier,NA,time_8,0.112984185,8
263,64.1,Male,18,Non-carrier,NA,baseline,0.114413693,0
263,64.1,Male,18,Non-carrier,NA,time_2,0.118711732,2
263,64.1,Male,18,Non-carrier,NA,time_4,0.113048282,4
263,64.1,Male,18,Non-carrier,NA,time_6,0.110042851,6
263,64.1,Male,18,Non-carrier,NA,time_8,0.109820332,8
264,67.6,Female,16,Non-carrier,NA,baseline,0.109290417,0
264,67.6,Female,16,Non-carrier,NA,time_2,0.107052575,2
264,67.6,Female,16,Non-carrier,NA,time_4,0.104537415,4
264,67.6,Female,16,Non-carrier,NA,time_6,0.108523479,6
264,67.6,Female,16,Non-carrier,NA,time_8,0.111256162,8
265,70.2,Male,16,Non-carrier,NA,baseline,0.111600682,0
265,70.2,Male,16,Non-carrier,NA,time_2,0.109383354,2
265,70.2,Male,16,Non-carrier,NA,time_4,0.111160149,4
265,70.2,Male,16,Non-carrier,NA,time_6,0.109172259,6
265,70.2,Male,16,Non-carrier,NA,time_8,0.109381538,8
266,65.8,Male,16,Non-carrier,NA,baseline,0.11336981,0
266,65.8,Male,16,Non-carrier,NA,time_2,0.111157775,2
266,65.8,Male,16,Non-carrier,NA,time_4,0.113202621,4
266,65.8,Male,16,Non-carrier,NA,time_6,0.110916573,6
266,65.8,Male,16,Non-carrier,NA,time_8,0.106187184,8
267,63.7,Male,16,Non-carrier,NA,baseline,0.114340797,0
267,63.7,Male,16,Non-carrier,NA,time_2,0.116760903,2
267,63.7,Male,16,Non-carrier,NA,time_4,0.112249598,4
267,63.7,Male,16,Non-carrier,NA,time_6,0.115404869,6
267,63.7,Male,16,Non-carrier,NA,time_8,0.111303622,8
269,64,Male,20,Non-carrier,NA,baseline,0.110360136,0
269,64,Male,20,Non-carrier,NA,time_2,0.108676655,2
269,64,Male,20,Non-carrier,NA,time_4,0.111362252,4
269,64,Male,20,Non-carrier,NA,time_6,0.109486086,6
269,64,Male,20,Non-carrier,NA,time_8,0.115596082,8
270,62.2,Male,16,Carrier,NA,baseline,0.11031577,0
270,62.2,Male,16,Carrier,NA,time_2,NA,2
270,62.2,Male,16,Carrier,NA,time_4,0.10983406800000001,4
270,62.2,Male,16,Carrier,NA,time_6,0.108219294,6
270,62.2,Male,16,Carrier,NA,time_8,0.108880295,8
271,64.2,Male,12,Carrier,NA,baseline,0.110585716,0
271,64.2,Male,12,Carrier,NA,time_2,0.110450742,2
271,64.2,Male,12,Carrier,NA,time_4,0.110279471,4
271,64.2,Male,12,Carrier,NA,time_6,0.109730294,6
271,64.2,Male,12,Carrier,NA,time_8,0.106944687,8
272,66.2,Male,16,Carrier,NA,baseline,0.106047845,0
272,66.2,Male,16,Carrier,NA,time_2,0.102522548,2
272,66.2,Male,16,Carrier,NA,time_4,0.1065023,4
272,66.2,Male,16,Carrier,NA,time_6,0.103627959,6
272,66.2,Male,16,Carrier,NA,time_8,0.105508768,8
273,62.4,Female,16,Non-carrier,NA,baseline,0.111687203,0
273,62.4,Female,16,Non-carrier,NA,time_2,0.112214262,2
273,62.4,Female,16,Non-carrier,NA,time_4,0.114662559,4
273,62.4,Female,16,Non-carrier,NA,time_6,0.114035932,6
273,62.4,Female,16,Non-carrier,NA,time_8,0.11160086,8
274,72.9,Female,16,Non-carrier,NA,baseline,0.109256855,0
274,72.9,Female,16,Non-carrier,NA,time_2,0.109016523,2
274,72.9,Female,16,Non-carrier,NA,time_4,0.107350371,4
274,72.9,Female,16,Non-carrier,NA,time_6,0.103459996,6
274,72.9,Female,16,Non-carrier,NA,time_8,0.110392014,8
275,65.5,Female,12,Non-carrier,NA,baseline,0.113862157,0
275,65.5,Female,12,Non-carrier,NA,time_2,0.113152705,2
275,65.5,Female,12,Non-carrier,NA,time_4,NA,4
275,65.5,Female,12,Non-carrier,NA,time_6,0.110478446,6
275,65.5,Female,12,Non-carrier,NA,time_8,0.109628693,8
276,68.4,Female,16,Carrier,NA,baseline,0.103669628,0
276,68.4,Female,16,Carrier,NA,time_2,NA,2
276,68.4,Female,16,Carrier,NA,time_4,0.106495998,4
276,68.4,Female,16,Carrier,NA,time_6,NA,6
276,68.4,Female,16,Carrier,NA,time_8,0.103131543,8
277,58.1,Male,16,Carrier,61.6,baseline,0.115712476,0
277,58.1,Male,16,Carrier,61.6,time_2,NA,2
277,58.1,Male,16,Carrier,61.6,time_4,0.111484023,4
277,58.1,Male,16,Carrier,61.6,time_6,NA,6
277,58.1,Male,16,Carrier,61.6,time_8,0.105341071,8
278,67.2,Female,16,Non-carrier,NA,baseline,0.107788079,0
278,67.2,Female,16,Non-carrier,NA,time_2,0.108533987,2
278,67.2,Female,16,Non-carrier,NA,time_4,0.105360808,4
278,67.2,Female,16,Non-carrier,NA,time_6,0.109739168,6
278,67.2,Female,16,Non-carrier,NA,time_8,0.104887218,8
279,61.1,Female,18,Non-carrier,NA,baseline,0.110001275,0
279,61.1,Female,18,Non-carrier,NA,time_2,0.11353116,2
279,61.1,Female,18,Non-carrier,NA,time_4,0.112236435,4
279,61.1,Female,18,Non-carrier,NA,time_6,0.11320741,6
279,61.1,Female,18,Non-carrier,NA,time_8,0.11110656,8
280,67.8,Female,16,Carrier,71.8,baseline,0.10701986,0
280,67.8,Female,16,Carrier,71.8,time_2,NA,2
280,67.8,Female,16,Carrier,71.8,time_4,0.102710675,4
280,67.8,Female,16,Carrier,71.8,time_6,0.104851778,6
280,67.8,Female,16,Carrier,71.8,time_8,0.103765772,8
281,66.2,Male,16,Carrier,NA,baseline,0.110473547,0
281,66.2,Male,16,Carrier,NA,time_2,0.108010138,2
281,66.2,Male,16,Carrier,NA,time_4,NA,4
281,66.2,Male,16,Carrier,NA,time_6,0.104006159,6
281,66.2,Male,16,Carrier,NA,time_8,0.107353915,8
282,63.8,Female,16,Carrier,NA,baseline,0.104402165,0
282,63.8,Female,16,Carrier,NA,time_2,0.108249718,2
282,63.8,Female,16,Carrier,NA,time_4,0.10804157,4
282,63.8,Female,16,Carrier,NA,time_6,0.109605801,6
282,63.8,Female,16,Carrier,NA,time_8,NA,8
284,62.9,Female,16,Non-carrier,NA,baseline,0.110562425,0
284,62.9,Female,16,Non-carrier,NA,time_2,0.108796483,2
284,62.9,Female,16,Non-carrier,NA,time_4,0.11231711900000001,4
284,62.9,Female,16,Non-carrier,NA,time_6,0.110036624,6
284,62.9,Female,16,Non-carrier,NA,time_8,NA,8
285,63.3,Female,12,Non-carrier,NA,baseline,0.110865277,0
285,63.3,Female,12,Non-carrier,NA,time_2,0.109180323,2
285,63.3,Female,12,Non-carrier,NA,time_4,0.112288201,4
285,63.3,Female,12,Non-carrier,NA,time_6,0.109383084,6
285,63.3,Female,12,Non-carrier,NA,time_8,0.111657097,8
286,62,Male,16,Carrier,67.4,baseline,0.111565534,0
286,62,Male,16,Carrier,67.4,time_2,0.108984251,2
286,62,Male,16,Carrier,67.4,time_4,NA,4
286,62,Male,16,Carrier,67.4,time_6,0.10878002,6
286,62,Male,16,Carrier,67.4,time_8,0.104227529,8
287,63,Male,16,Carrier,68,baseline,0.108545195,0
287,63,Male,16,Carrier,68,time_2,0.109804562,2
287,63,Male,16,Carrier,68,time_4,0.112595781,4
287,63,Male,16,Carrier,68,time_6,0.109277394,6
287,63,Male,16,Carrier,68,time_8,0.107288238,8
288,67.8,Female,16,Non-carrier,NA,baseline,0.11249236,0
288,67.8,Female,16,Non-carrier,NA,time_2,0.110777255,2
288,67.8,Female,16,Non-carrier,NA,time_4,0.107696427,4
288,67.8,Female,16,Non-carrier,NA,time_6,0.111126742,6
288,67.8,Female,16,Non-carrier,NA,time_8,0.105490944,8
289,66.3,Male,18,Carrier,74.1,baseline,0.106628753,0
289,66.3,Male,18,Carrier,74.1,time_2,NA,2
289,66.3,Male,18,Carrier,74.1,time_4,0.111128361,4
289,66.3,Male,18,Carrier,74.1,time_6,0.105573514,6
289,66.3,Male,18,Carrier,74.1,time_8,0.108340662,8
290,68,Male,12,Non-carrier,NA,baseline,0.111066618,0
290,68,Male,12,Non-carrier,NA,time_2,0.111884626,2
290,68,Male,12,Non-carrier,NA,time_4,0.107022236,4
290,68,Male,12,Non-carrier,NA,time_6,0.107180728,6
290,68,Male,12,Non-carrier,NA,time_8,0.113024817,8
291,63.8,Male,16,Non-carrier,NA,baseline,0.112938689,0
291,63.8,Male,16,Non-carrier,NA,time_2,0.112360489,2
291,63.8,Male,16,Non-carrier,NA,time_4,0.105943608,4
291,63.8,Male,16,Non-carrier,NA,time_6,0.11360883,6
291,63.8,Male,16,Non-carrier,NA,time_8,0.109912138,8
292,66.1,Female,18,Non-carrier,70.2,baseline,0.112005473,0
292,66.1,Female,18,Non-carrier,70.2,time_2,0.111128689,2
292,66.1,Female,18,Non-carrier,70.2,time_4,0.110529628,4
292,66.1,Female,18,Non-carrier,70.2,time_6,0.107524069,6
292,66.1,Female,18,Non-carrier,70.2,time_8,0.111213884,8
293,65.7,Female,16,Non-carrier,NA,baseline,0.111427155,0
293,65.7,Female,16,Non-carrier,NA,time_2,NA,2
293,65.7,Female,16,Non-carrier,NA,time_4,NA,4
293,65.7,Female,16,Non-carrier,NA,time_6,NA,6
293,65.7,Female,16,Non-carrier,NA,time_8,0.105607142,8
294,60.7,Male,18,Non-carrier,NA,baseline,0.109276532,0
294,60.7,Male,18,Non-carrier,NA,time_2,0.113026569,2
294,60.7,Male,18,Non-carrier,NA,time_4,0.111248602,4
294,60.7,Male,18,Non-carrier,NA,time_6,0.111423406,6
294,60.7,Male,18,Non-carrier,NA,time_8,0.111403693,8
295,70.3,Male,20,Non-carrier,NA,baseline,0.115606685,0
295,70.3,Male,20,Non-carrier,NA,time_2,NA,2
295,70.3,Male,20,Non-carrier,NA,time_4,0.108952132,4
295,70.3,Male,20,Non-carrier,NA,time_6,0.111533928,6
295,70.3,Male,20,Non-carrier,NA,time_8,0.10741593,8
296,65.4,Female,16,Non-carrier,NA,baseline,0.112392331,0
296,65.4,Female,16,Non-carrier,NA,time_2,NA,2
296,65.4,Female,16,Non-carrier,NA,time_4,0.109694398,4
296,65.4,Female,16,Non-carrier,NA,time_6,NA,6
296,65.4,Female,16,Non-carrier,NA,time_8,0.107521406,8
297,67.3,Male,16,Carrier,73.9,baseline,0.112519791,0
297,67.3,Male,16,Carrier,73.9,time_2,0.107296829,2
297,67.3,Male,16,Carrier,73.9,time_4,0.109572724,4
297,67.3,Male,16,Carrier,73.9,time_6,0.107416099,6
297,67.3,Male,16,Carrier,73.9,time_8,0.105536131,8
298,67.9,Male,16,Non-carrier,NA,baseline,0.105798635,0
298,67.9,Male,16,Non-carrier,NA,time_2,0.112435931,2
298,67.9,Male,16,Non-carrier,NA,time_4,0.108849157,4
298,67.9,Male,16,Non-carrier,NA,time_6,0.10870563,6
298,67.9,Male,16,Non-carrier,NA,time_8,0.107703482,8
299,64.8,Male,16,Non-carrier,NA,baseline,0.116699121,0
299,64.8,Male,16,Non-carrier,NA,time_2,0.109227089,2
299,64.8,Male,16,Non-carrier,NA,time_4,0.105374421,4
299,64.8,Male,16,Non-carrier,NA,time_6,0.111752382,6
299,64.8,Male,16,Non-carrier,NA,time_8,0.111579106,8
300,64.1,Male,16,Carrier,NA,baseline,0.109040582,0
300,64.1,Male,16,Carrier,NA,time_2,0.108295985,2
300,64.1,Male,16,Carrier,NA,time_4,0.111727067,4
300,64.1,Male,16,Carrier,NA,time_6,0.102941601,6
300,64.1,Male,16,Carrier,NA,time_8,0.104574502,8
301,67.7,Female,16,Non-carrier,73.4,baseline,0.112105184,0
301,67.7,Female,16,Non-carrier,73.4,time_2,0.110651703,2
301,67.7,Female,16,Non-carrier,73.4,time_4,0.112009448,4
301,67.7,Female,16,Non-carrier,73.4,time_6,0.106664043,6
301,67.7,Female,16,Non-carrier,73.4,time_8,NA,8
302,61.9,Male,16,Carrier,NA,baseline,0.112249076,0
302,61.9,Male,16,Carrier,NA,time_2,0.113542483,2
302,61.9,Male,16,Carrier,NA,time_4,0.108736248,4
302,61.9,Male,16,Carrier,NA,time_6,0.11236736,6
302,61.9,Male,16,Carrier,NA,time_8,0.111010295,8
303,70.9,Male,16,Non-carrier,NA,baseline,0.111620081,0
303,70.9,Male,16,Non-carrier,NA,time_2,0.110791889,2
303,70.9,Male,16,Non-carrier,NA,time_4,0.10645713,4
303,70.9,Male,16,Non-carrier,NA,time_6,0.1134974,6
303,70.9,Male,16,Non-carrier,NA,time_8,0.108602524,8
305,70,Female,18,Carrier,77.2,baseline,0.106575146,0
305,70,Female,18,Carrier,77.2,time_2,0.109139729,2
305,70,Female,18,Carrier,77.2,time_4,0.107237307,4
305,70,Female,18,Carrier,77.2,time_6,0.100797063,6
305,70,Female,18,Carrier,77.2,time_8,0.103960862,8
306,69.5,Female,16,Non-carrier,72.6,baseline,0.107617927,0
306,69.5,Female,16,Non-carrier,72.6,time_2,0.10549774,2
306,69.5,Female,16,Non-carrier,72.6,time_4,0.105779618,4
306,69.5,Female,16,Non-carrier,72.6,time_6,0.104030737,6
306,69.5,Female,16,Non-carrier,72.6,time_8,0.103597858,8
307,65.2,Male,16,Non-carrier,NA,baseline,0.115482975,0
307,65.2,Male,16,Non-carrier,NA,time_2,0.107838911,2
307,65.2,Male,16,Non-carrier,NA,time_4,NA,4
307,65.2,Male,16,Non-carrier,NA,time_6,0.110497676,6
307,65.2,Male,16,Non-carrier,NA,time_8,0.109453551,8
308,66.7,Female,12,Carrier,NA,baseline,0.107487702,0
308,66.7,Female,12,Carrier,NA,time_2,NA,2
308,66.7,Female,12,Carrier,NA,time_4,NA,4
308,66.7,Female,12,Carrier,NA,time_6,NA,6
308,66.7,Female,12,Carrier,NA,time_8,0.108283938,8
309,61.9,Female,18,Non-carrier,NA,baseline,0.113399772,0
309,61.9,Female,18,Non-carrier,NA,time_2,0.110750724,2
309,61.9,Female,18,Non-carrier,NA,time_4,0.113778394,4
309,61.9,Female,18,Non-carrier,NA,time_6,0.107296578,6
309,61.9,Female,18,Non-carrier,NA,time_8,0.109604379,8
310,66,Male,16,Carrier,NA,baseline,0.109270887,0
310,66,Male,16,Carrier,NA,time_2,0.109795055,2
310,66,Male,16,Carrier,NA,time_4,NA,4
310,66,Male,16,Carrier,NA,time_6,0.112093,6
310,66,Male,16,Carrier,NA,time_8,0.104375674,8
311,68.1,Male,16,Non-carrier,NA,baseline,0.109151165,0
311,68.1,Male,16,Non-carrier,NA,time_2,0.116141701,2
311,68.1,Male,16,Non-carrier,NA,time_4,0.111349996,4
311,68.1,Male,16,Non-carrier,NA,time_6,0.108476817,6
311,68.1,Male,16,Non-carrier,NA,time_8,0.106779606,8
312,65.3,Male,16,Non-carrier,NA,baseline,0.113459428,0
312,65.3,Male,16,Non-carrier,NA,time_2,0.112235,2
312,65.3,Male,16,Non-carrier,NA,time_4,0.108101136,4
312,65.3,Male,16,Non-carrier,NA,time_6,0.110134979,6
312,65.3,Male,16,Non-carrier,NA,time_8,0.11098663,8
313,63.6,Male,18,Non-carrier,NA,baseline,0.11398153,0
313,63.6,Male,18,Non-carrier,NA,time_2,0.10963414,2
313,63.6,Male,18,Non-carrier,NA,time_4,0.116096237,4
313,63.6,Male,18,Non-carrier,NA,time_6,0.108574278,6
313,63.6,Male,18,Non-carrier,NA,time_8,0.110701158,8
314,63,Female,16,Non-carrier,68.7,baseline,0.114488695,0
314,63,Female,16,Non-carrier,68.7,time_2,0.111534036,2
314,63,Female,16,Non-carrier,68.7,time_4,0.113995497,4
314,63,Female,16,Non-carrier,68.7,time_6,0.116064016,6
314,63,Female,16,Non-carrier,68.7,time_8,0.111072404,8
315,64.9,Female,16,Non-carrier,NA,baseline,0.113616693,0
315,64.9,Female,16,Non-carrier,NA,time_2,0.108476844,2
315,64.9,Female,16,Non-carrier,NA,time_4,0.113857059,4
315,64.9,Female,16,Non-carrier,NA,time_6,0.109308933,6
315,64.9,Female,16,Non-carrier,NA,time_8,0.109643453,8
316,68.2,Female,16,Non-carrier,NA,baseline,0.110549067,0
316,68.2,Female,16,Non-carrier,NA,time_2,0.109248731,2
316,68.2,Female,16,Non-carrier,NA,time_4,0.113612053,4
316,68.2,Female,16,Non-carrier,NA,time_6,0.112858701,6
316,68.2,Female,16,Non-carrier,NA,time_8,0.105875249,8
317,63.5,Male,18,Non-carrier,NA,baseline,0.112034133,0
317,63.5,Male,18,Non-carrier,NA,time_2,0.112309047,2
317,63.5,Male,18,Non-carrier,NA,time_4,NA,4
317,63.5,Male,18,Non-carrier,NA,time_6,0.112345414,6
317,63.5,Male,18,Non-carrier,NA,time_8,0.111621207,8
318,64.6,Male,12,Non-carrier,NA,baseline,0.115707722,0
318,64.6,Male,12,Non-carrier,NA,time_2,0.11007876,2
318,64.6,Male,12,Non-carrier,NA,time_4,0.113527599,4
318,64.6,Male,12,Non-carrier,NA,time_6,0.112651493,6
318,64.6,Male,12,Non-carrier,NA,time_8,0.109620327,8
319,61.1,Female,16,Non-carrier,NA,baseline,0.109862404,0
319,61.1,Female,16,Non-carrier,NA,time_2,0.111428595,2
319,61.1,Female,16,Non-carrier,NA,time_4,0.115099192,4
319,61.1,Female,16,Non-carrier,NA,time_6,0.112269423,6
319,61.1,Female,16,Non-carrier,NA,time_8,0.111311591,8
320,66.5,Male,18,Non-carrier,NA,baseline,0.10569471799999999,0
320,66.5,Male,18,Non-carrier,NA,time_2,0.111338767,2
320,66.5,Male,18,Non-carrier,NA,time_4,0.112005666,4
320,66.5,Male,18,Non-carrier,NA,time_6,0.107506531,6
320,66.5,Male,18,Non-carrier,NA,time_8,0.108281493,8
321,68.9,Female,16,Non-carrier,NA,baseline,0.110760407,0
321,68.9,Female,16,Non-carrier,NA,time_2,0.109764055,2
321,68.9,Female,16,Non-carrier,NA,time_4,0.110853382,4
321,68.9,Female,16,Non-carrier,NA,time_6,0.107816785,6
321,68.9,Female,16,Non-carrier,NA,time_8,0.107352739,8
322,69.5,Male,20,Carrier,NA,baseline,0.110046891,0
322,69.5,Male,20,Carrier,NA,time_2,0.1071658,2
322,69.5,Male,20,Carrier,NA,time_4,0.103712548,4
322,69.5,Male,20,Carrier,NA,time_6,0.103892805,6
322,69.5,Male,20,Carrier,NA,time_8,0.106774995,8
323,67.4,Female,16,Carrier,73.9,baseline,0.108951493,0
323,67.4,Female,16,Carrier,73.9,time_2,0.108156014,2
323,67.4,Female,16,Carrier,73.9,time_4,0.107161066,4
323,67.4,Female,16,Carrier,73.9,time_6,0.107789675,6
323,67.4,Female,16,Carrier,73.9,time_8,0.103367206,8
324,59.4,Male,16,Non-carrier,NA,baseline,0.117636767,0
324,59.4,Male,16,Non-carrier,NA,time_2,0.110695721,2
324,59.4,Male,16,Non-carrier,NA,time_4,0.114759173,4
324,59.4,Male,16,Non-carrier,NA,time_6,0.1114577,6
324,59.4,Male,16,Non-carrier,NA,time_8,0.113260306,8
325,66.4,Male,16,Non-carrier,NA,baseline,0.111746455,0
325,66.4,Male,16,Non-carrier,NA,time_2,0.110269495,2
325,66.4,Male,16,Non-carrier,NA,time_4,NA,4
325,66.4,Male,16,Non-carrier,NA,time_6,0.110695295,6
325,66.4,Male,16,Non-carrier,NA,time_8,NA,8
326,66.4,Female,16,Non-carrier,NA,baseline,0.110459106,0
326,66.4,Female,16,Non-carrier,NA,time_2,0.108283669,2
326,66.4,Female,16,Non-carrier,NA,time_4,0.112225585,4
326,66.4,Female,16,Non-carrier,NA,time_6,0.109015141,6
326,66.4,Female,16,Non-carrier,NA,time_8,0.108830284,8
327,63.9,Male,16,Non-carrier,NA,baseline,0.115914075,0
327,63.9,Male,16,Non-carrier,NA,time_2,0.116057447,2
327,63.9,Male,16,Non-carrier,NA,time_4,0.115017143,4
327,63.9,Male,16,Non-carrier,NA,time_6,0.110124237,6
327,63.9,Male,16,Non-carrier,NA,time_8,0.111642089,8
328,65.5,Male,16,Non-carrier,71,baseline,0.116053343,0
328,65.5,Male,16,Non-carrier,71,time_2,0.108732458,2
328,65.5,Male,16,Non-carrier,71,time_4,0.107981127,4
328,65.5,Male,16,Non-carrier,71,time_6,0.110412399,6
328,65.5,Male,16,Non-carrier,71,time_8,0.107545571,8
329,62.4,Male,12,Non-carrier,NA,baseline,0.118405048,0
329,62.4,Male,12,Non-carrier,NA,time_2,0.115540114,2
329,62.4,Male,12,Non-carrier,NA,time_4,NA,4
329,62.4,Male,12,Non-carrier,NA,time_6,NA,6
329,62.4,Male,12,Non-carrier,NA,time_8,0.112550817,8
330,67,Female,18,Carrier,NA,baseline,0.108252386,0
330,67,Female,18,Carrier,NA,time_2,0.111444278,2
330,67,Female,18,Carrier,NA,time_4,0.106592298,4
330,67,Female,18,Carrier,NA,time_6,0.109460717,6
330,67,Female,18,Carrier,NA,time_8,0.1008376,8
331,64,Male,16,Non-carrier,NA,baseline,0.110435676,0
331,64,Male,16,Non-carrier,NA,time_2,0.112514085,2
331,64,Male,16,Non-carrier,NA,time_4,0.110385854,4
331,64,Male,16,Non-carrier,NA,time_6,0.109035814,6
331,64,Male,16,Non-carrier,NA,time_8,0.107564188,8
332,60.3,Female,12,Non-carrier,NA,baseline,0.111728742,0
332,60.3,Female,12,Non-carrier,NA,time_2,0.108822039,2
332,60.3,Female,12,Non-carrier,NA,time_4,0.110103497,4
332,60.3,Female,12,Non-carrier,NA,time_6,0.112970507,6
332,60.3,Female,12,Non-carrier,NA,time_8,0.108582532,8
333,63.9,Male,16,Carrier,NA,baseline,0.111548636,0
333,63.9,Male,16,Carrier,NA,time_2,NA,2
333,63.9,Male,16,Carrier,NA,time_4,0.109071931,4
333,63.9,Male,16,Carrier,NA,time_6,0.103038004,6
333,63.9,Male,16,Carrier,NA,time_8,0.102900066,8
334,69.1,Male,20,Non-carrier,NA,baseline,0.11141818,0
334,69.1,Male,20,Non-carrier,NA,time_2,NA,2
334,69.1,Male,20,Non-carrier,NA,time_4,0.111873356,4
334,69.1,Male,20,Non-carrier,NA,time_6,0.108872776,6
334,69.1,Male,20,Non-carrier,NA,time_8,0.111261354,8
335,64,Female,18,Non-carrier,NA,baseline,0.111391532,0
335,64,Female,18,Non-carrier,NA,time_2,0.111003399,2
335,64,Female,18,Non-carrier,NA,time_4,0.113789554,4
335,64,Female,18,Non-carrier,NA,time_6,0.107122912,6
335,64,Female,18,Non-carrier,NA,time_8,0.108727152,8
336,67.2,Female,16,Carrier,73.7,baseline,0.105515499,0
336,67.2,Female,16,Carrier,73.7,time_2,0.105559957,2
336,67.2,Female,16,Carrier,73.7,time_4,0.102679883,4
336,67.2,Female,16,Carrier,73.7,time_6,0.10569702,6
336,67.2,Female,16,Carrier,73.7,time_8,0.10640764,8
337,67.8,Female,16,Non-carrier,75,baseline,0.110234919,0
337,67.8,Female,16,Non-carrier,75,time_2,0.109115569,2
337,67.8,Female,16,Non-carrier,75,time_4,0.110457079,4
337,67.8,Female,16,Non-carrier,75,time_6,0.111424351,6
337,67.8,Female,16,Non-carrier,75,time_8,0.109695757,8
338,65,Female,16,Non-carrier,70.8,baseline,0.113154484,0
338,65,Female,16,Non-carrier,70.8,time_2,0.113866071,2
338,65,Female,16,Non-carrier,70.8,time_4,0.107875179,4
338,65,Female,16,Non-carrier,70.8,time_6,0.109168346,6
338,65,Female,16,Non-carrier,70.8,time_8,0.110056896,8
339,63.9,Female,12,Non-carrier,NA,baseline,0.110406213,0
339,63.9,Female,12,Non-carrier,NA,time_2,0.112662758,2
339,63.9,Female,12,Non-carrier,NA,time_4,0.110582059,4
339,63.9,Female,12,Non-carrier,NA,time_6,0.11202907,6
339,63.9,Female,12,Non-carrier,NA,time_8,0.105121096,8
340,63.4,Male,16,Non-carrier,NA,baseline,0.113770508,0
340,63.4,Male,16,Non-carrier,NA,time_2,NA,2
340,63.4,Male,16,Non-carrier,NA,time_4,0.112908654,4
340,63.4,Male,16,Non-carrier,NA,time_6,0.11424814,6
340,63.4,Male,16,Non-carrier,NA,time_8,0.110175098,8
341,67.2,Male,18,Non-carrier,NA,baseline,0.111485238,0
341,67.2,Male,18,Non-carrier,NA,time_2,0.112988368,2
341,67.2,Male,18,Non-carrier,NA,time_4,0.109995956,4
341,67.2,Male,18,Non-carrier,NA,time_6,NA,6
341,67.2,Male,18,Non-carrier,NA,time_8,0.113725839,8
342,61.8,Male,20,Non-carrier,NA,baseline,0.112281092,0
342,61.8,Male,20,Non-carrier,NA,time_2,0.110454111,2
342,61.8,Male,20,Non-carrier,NA,time_4,0.115212181,4
342,61.8,Male,20,Non-carrier,NA,time_6,0.113150469,6
342,61.8,Male,20,Non-carrier,NA,time_8,0.112476619,8
343,65.7,Female,12,Non-carrier,NA,baseline,0.109000592,0
343,65.7,Female,12,Non-carrier,NA,time_2,0.110828555,2
343,65.7,Female,12,Non-carrier,NA,time_4,0.112152791,4
343,65.7,Female,12,Non-carrier,NA,time_6,0.108346107,6
343,65.7,Female,12,Non-carrier,NA,time_8,0.109229455,8
344,64.1,Male,12,Carrier,NA,baseline,0.104493777,0
344,64.1,Male,12,Carrier,NA,time_2,0.111410573,2
344,64.1,Male,12,Carrier,NA,time_4,0.105177412,4
344,64.1,Male,12,Carrier,NA,time_6,0.104139524,6
344,64.1,Male,12,Carrier,NA,time_8,0.109674178,8
345,58.2,Male,18,Non-carrier,NA,baseline,0.116500043,0
345,58.2,Male,18,Non-carrier,NA,time_2,0.11281317,2
345,58.2,Male,18,Non-carrier,NA,time_4,0.112476877,4
345,58.2,Male,18,Non-carrier,NA,time_6,0.114786475,6
345,58.2,Male,18,Non-carrier,NA,time_8,NA,8
346,60.8,Male,16,Carrier,NA,baseline,0.110422587,0
346,60.8,Male,16,Carrier,NA,time_2,0.108413615,2
346,60.8,Male,16,Carrier,NA,time_4,0.108349732,4
346,60.8,Male,16,Carrier,NA,time_6,0.109511885,6
346,60.8,Male,16,Carrier,NA,time_8,NA,8
347,67.7,Male,16,Carrier,68.9,baseline,0.106142357,0
347,67.7,Male,16,Carrier,68.9,time_2,0.105404684,2
347,67.7,Male,16,Carrier,68.9,time_4,0.106038639,4
347,67.7,Male,16,Carrier,68.9,time_6,0.104798607,6
347,67.7,Male,16,Carrier,68.9,time_8,0.102539751,8
348,64.4,Male,16,Carrier,70.4,baseline,0.108953572,0
348,64.4,Male,16,Carrier,70.4,time_2,0.109108861,2
348,64.4,Male,16,Carrier,70.4,time_4,0.10913821,4
348,64.4,Male,16,Carrier,70.4,time_6,0.111055899,6
348,64.4,Male,16,Carrier,70.4,time_8,0.111664612,8
349,67.4,Female,18,Carrier,70,baseline,0.108418448,0
349,67.4,Female,18,Carrier,70,time_2,NA,2
349,67.4,Female,18,Carrier,70,time_4,0.107116982,4
349,67.4,Female,18,Carrier,70,time_6,0.101918841,6
349,67.4,Female,18,Carrier,70,time_8,NA,8
350,70.7,Female,16,Carrier,75.2,baseline,0.104448098,0
350,70.7,Female,16,Carrier,75.2,time_2,0.106251499,2
350,70.7,Female,16,Carrier,75.2,time_4,0.109105546,4
350,70.7,Female,16,Carrier,75.2,time_6,0.105341362,6
350,70.7,Female,16,Carrier,75.2,time_8,0.102666049,8
351,69.4,Male,16,Carrier,76.6,baseline,0.109113066,0
351,69.4,Male,16,Carrier,76.6,time_2,0.110681827,2
351,69.4,Male,16,Carrier,76.6,time_4,0.104622912,4
351,69.4,Male,16,Carrier,76.6,time_6,0.107114993,6
351,69.4,Male,16,Carrier,76.6,time_8,0.10775628,8
352,67,Male,16,Carrier,69.3,baseline,0.107347915,0
352,67,Male,16,Carrier,69.3,time_2,0.108997259,2
352,67,Male,16,Carrier,69.3,time_4,0.106503869,4
352,67,Male,16,Carrier,69.3,time_6,0.105619654,6
352,67,Male,16,Carrier,69.3,time_8,NA,8
353,66.1,Male,16,Non-carrier,NA,baseline,0.111763353,0
353,66.1,Male,16,Non-carrier,NA,time_2,NA,2
353,66.1,Male,16,Non-carrier,NA,time_4,0.109917251,4
353,66.1,Male,16,Non-carrier,NA,time_6,0.108258176,6
353,66.1,Male,16,Non-carrier,NA,time_8,0.104794024,8
354,64.4,Male,20,Carrier,NA,baseline,0.107791322,0
354,64.4,Male,20,Carrier,NA,time_2,0.112454752,2
354,64.4,Male,20,Carrier,NA,time_4,0.10789639,4
354,64.4,Male,20,Carrier,NA,time_6,0.104688733,6
354,64.4,Male,20,Carrier,NA,time_8,NA,8
355,69.7,Male,16,Carrier,75.3,baseline,0.104675217,0
355,69.7,Male,16,Carrier,75.3,time_2,NA,2
355,69.7,Male,16,Carrier,75.3,time_4,0.108340642,4
355,69.7,Male,16,Carrier,75.3,time_6,NA,6
355,69.7,Male,16,Carrier,75.3,time_8,0.105741631,8
356,66.8,Female,20,Non-carrier,NA,baseline,0.109379105,0
356,66.8,Female,20,Non-carrier,NA,time_2,0.106965433,2
356,66.8,Female,20,Non-carrier,NA,time_4,0.10815293,4
356,66.8,Female,20,Non-carrier,NA,time_6,0.107072946,6
356,66.8,Female,20,Non-carrier,NA,time_8,0.106135638,8
357,61.5,Female,20,Non-carrier,NA,baseline,0.112494164,0
357,61.5,Female,20,Non-carrier,NA,time_2,0.11410471,2
357,61.5,Female,20,Non-carrier,NA,time_4,0.111288572,4
357,61.5,Female,20,Non-carrier,NA,time_6,0.106142726,6
357,61.5,Female,20,Non-carrier,NA,time_8,0.114108779,8
358,64.5,Male,12,Carrier,NA,baseline,0.111928654,0
358,64.5,Male,12,Carrier,NA,time_2,0.114038778,2
358,64.5,Male,12,Carrier,NA,time_4,0.107494751,4
358,64.5,Male,12,Carrier,NA,time_6,NA,6
358,64.5,Male,12,Carrier,NA,time_8,0.107222869,8
359,59.2,Male,18,Non-carrier,NA,baseline,0.113600273,0
359,59.2,Male,18,Non-carrier,NA,time_2,0.111886881,2
359,59.2,Male,18,Non-carrier,NA,time_4,0.109824882,4
359,59.2,Male,18,Non-carrier,NA,time_6,0.114763061,6
359,59.2,Male,18,Non-carrier,NA,time_8,0.114664764,8
360,64.4,Female,18,Non-carrier,NA,baseline,0.114141051,0
360,64.4,Female,18,Non-carrier,NA,time_2,NA,2
360,64.4,Female,18,Non-carrier,NA,time_4,0.110864882,4
360,64.4,Female,18,Non-carrier,NA,time_6,0.110135116,6
360,64.4,Female,18,Non-carrier,NA,time_8,0.113347124,8
361,57.2,Female,18,Carrier,NA,baseline,0.109644487,0
361,57.2,Female,18,Carrier,NA,time_2,0.10848668,2
361,57.2,Female,18,Carrier,NA,time_4,0.110209973,4
361,57.2,Female,18,Carrier,NA,time_6,NA,6
361,57.2,Female,18,Carrier,NA,time_8,0.105284681,8
362,68.9,Female,16,Non-carrier,NA,baseline,0.108106556,0
362,68.9,Female,16,Non-carrier,NA,time_2,0.110510273,2
362,68.9,Female,16,Non-carrier,NA,time_4,0.112962497,4
362,68.9,Female,16,Non-carrier,NA,time_6,0.111523124,6
362,68.9,Female,16,Non-carrier,NA,time_8,0.105103376,8
363,63.1,Male,20,Non-carrier,NA,baseline,0.113522295,0
363,63.1,Male,20,Non-carrier,NA,time_2,0.117107644,2
363,63.1,Male,20,Non-carrier,NA,time_4,0.114966008,4
363,63.1,Male,20,Non-carrier,NA,time_6,0.113233396,6
363,63.1,Male,20,Non-carrier,NA,time_8,0.110902281,8
364,63.7,Male,18,Non-carrier,NA,baseline,0.115713628,0
364,63.7,Male,18,Non-carrier,NA,time_2,0.114708754,2
364,63.7,Male,18,Non-carrier,NA,time_4,0.111139421,4
364,63.7,Male,18,Non-carrier,NA,time_6,0.109152422,6
364,63.7,Male,18,Non-carrier,NA,time_8,0.109602494,8
365,64.5,Female,16,Non-carrier,67.7,baseline,0.108368155,0
365,64.5,Female,16,Non-carrier,67.7,time_2,0.11282099,2
365,64.5,Female,16,Non-carrier,67.7,time_4,0.109700177,4
365,64.5,Female,16,Non-carrier,67.7,time_6,0.103664695,6
365,64.5,Female,16,Non-carrier,67.7,time_8,0.104995131,8
366,66.8,Male,16,Carrier,72.8,baseline,0.109407468,0
366,66.8,Male,16,Carrier,72.8,time_2,0.110142355,2
366,66.8,Male,16,Carrier,72.8,time_4,0.108078589,4
366,66.8,Male,16,Carrier,72.8,time_6,0.104223474,6
366,66.8,Male,16,Carrier,72.8,time_8,0.103784985,8
367,67,Female,16,Non-carrier,NA,baseline,0.117689024,0
367,67,Female,16,Non-carrier,NA,time_2,0.113237952,2
367,67,Female,16,Non-carrier,NA,time_4,0.110079891,4
367,67,Female,16,Non-carrier,NA,time_6,0.108484313,6
367,67,Female,16,Non-carrier,NA,time_8,0.107956096,8
368,66.7,Male,16,Non-carrier,NA,baseline,0.113687194,0
368,66.7,Male,16,Non-carrier,NA,time_2,0.11075241,2
368,66.7,Male,16,Non-carrier,NA,time_4,0.109373128,4
368,66.7,Male,16,Non-carrier,NA,time_6,0.109307354,6
368,66.7,Male,16,Non-carrier,NA,time_8,0.109312173,8
369,63.3,Male,18,Carrier,68.6,baseline,0.111860082,0
369,63.3,Male,18,Carrier,68.6,time_2,0.104362159,2
369,63.3,Male,18,Carrier,68.6,time_4,0.112709888,4
369,63.3,Male,18,Carrier,68.6,time_6,0.107915913,6
369,63.3,Male,18,Carrier,68.6,time_8,0.107131432,8
370,60.9,Female,16,Carrier,NA,baseline,0.110829401,0
370,60.9,Female,16,Carrier,NA,time_2,0.1073372,2
370,60.9,Female,16,Carrier,NA,time_4,0.105705433,4
370,60.9,Female,16,Carrier,NA,time_6,0.105315475,6
370,60.9,Female,16,Carrier,NA,time_8,0.108028021,8
371,63.8,Male,12,Carrier,NA,baseline,0.110945361,0
371,63.8,Male,12,Carrier,NA,time_2,0.106288231,2
371,63.8,Male,12,Carrier,NA,time_4,0.108039492,4
371,63.8,Male,12,Carrier,NA,time_6,0.104458211,6
371,63.8,Male,12,Carrier,NA,time_8,0.10778224,8
372,65.8,Male,16,Non-carrier,NA,baseline,0.111068016,0
372,65.8,Male,16,Non-carrier,NA,time_2,0.109760332,2
372,65.8,Male,16,Non-carrier,NA,time_4,0.111484023,4
372,65.8,Male,16,Non-carrier,NA,time_6,0.112740921,6
372,65.8,Male,16,Non-carrier,NA,time_8,0.105904603,8
373,62.5,Male,16,Non-carrier,66,baseline,0.11218911,0
373,62.5,Male,16,Non-carrier,66,time_2,0.117060394,2
373,62.5,Male,16,Non-carrier,66,time_4,0.113077811,4
373,62.5,Male,16,Non-carrier,66,time_6,0.116411516,6
373,62.5,Male,16,Non-carrier,66,time_8,0.106141346,8
374,64.8,Male,18,Non-carrier,NA,baseline,0.112892498,0
374,64.8,Male,18,Non-carrier,NA,time_2,0.109846788,2
374,64.8,Male,18,Non-carrier,NA,time_4,0.11388343,4
374,64.8,Male,18,Non-carrier,NA,time_6,0.113533418,6
374,64.8,Male,18,Non-carrier,NA,time_8,0.110892797,8
375,61.5,Female,16,Non-carrier,NA,baseline,0.116373615,0
375,61.5,Female,16,Non-carrier,NA,time_2,0.114045047,2
375,61.5,Female,16,Non-carrier,NA,time_4,0.108029282,4
375,61.5,Female,16,Non-carrier,NA,time_6,0.109944121,6
375,61.5,Female,16,Non-carrier,NA,time_8,NA,8
376,65,Female,16,Non-carrier,NA,baseline,0.106348819,0
376,65,Female,16,Non-carrier,NA,time_2,NA,2
376,65,Female,16,Non-carrier,NA,time_4,0.109070689,4
376,65,Female,16,Non-carrier,NA,time_6,0.108450194,6
376,65,Female,16,Non-carrier,NA,time_8,0.106333398,8
377,65.4,Female,16,Carrier,68.2,baseline,0.108737385,0
377,65.4,Female,16,Carrier,68.2,time_2,0.107877634,2
377,65.4,Female,16,Carrier,68.2,time_4,0.107528215,4
377,65.4,Female,16,Carrier,68.2,time_6,0.105783551,6
377,65.4,Female,16,Carrier,68.2,time_8,0.104676513,8
378,64.6,Female,16,Carrier,NA,baseline,0.109343275,0
378,64.6,Female,16,Carrier,NA,time_2,0.106164941,2
378,64.6,Female,16,Carrier,NA,time_4,0.10911387,4
378,64.6,Female,16,Carrier,NA,time_6,0.108618298,6
378,64.6,Female,16,Carrier,NA,time_8,0.105794803,8
379,64.5,Male,16,Non-carrier,70.9,baseline,0.112029532,0
379,64.5,Male,16,Non-carrier,70.9,time_2,0.112141415,2
379,64.5,Male,16,Non-carrier,70.9,time_4,NA,4
379,64.5,Male,16,Non-carrier,70.9,time_6,0.109489517,6
379,64.5,Male,16,Non-carrier,70.9,time_8,0.111288052,8
381,67.3,Female,16,Carrier,NA,baseline,0.105097823,0
381,67.3,Female,16,Carrier,NA,time_2,0.105778185,2
381,67.3,Female,16,Carrier,NA,time_4,0.105547155,4
381,67.3,Female,16,Carrier,NA,time_6,0.107949234,6
381,67.3,Female,16,Carrier,NA,time_8,NA,8
382,68.3,Female,20,Non-carrier,NA,baseline,0.110064878,0
382,68.3,Female,20,Non-carrier,NA,time_2,0.108051924,2
382,68.3,Female,20,Non-carrier,NA,time_4,0.110050517,4
382,68.3,Female,20,Non-carrier,NA,time_6,NA,6
382,68.3,Female,20,Non-carrier,NA,time_8,0.102225526,8
383,62.2,Male,18,Non-carrier,NA,baseline,0.115607319,0
383,62.2,Male,18,Non-carrier,NA,time_2,0.113823446,2
383,62.2,Male,18,Non-carrier,NA,time_4,NA,4
383,62.2,Male,18,Non-carrier,NA,time_6,0.111752933,6
383,62.2,Male,18,Non-carrier,NA,time_8,0.109090812,8
384,65.5,Male,16,Non-carrier,NA,baseline,0.116961073,0
384,65.5,Male,16,Non-carrier,NA,time_2,0.111892878,2
384,65.5,Male,16,Non-carrier,NA,time_4,0.114093577,4
384,65.5,Male,16,Non-carrier,NA,time_6,0.113339185,6
384,65.5,Male,16,Non-carrier,NA,time_8,0.108094695,8
385,68.5,Male,20,Non-carrier,NA,baseline,0.109777183,0
385,68.5,Male,20,Non-carrier,NA,time_2,0.11124558,2
385,68.5,Male,20,Non-carrier,NA,time_4,0.109140882,4
385,68.5,Male,20,Non-carrier,NA,time_6,0.111784382,6
385,68.5,Male,20,Non-carrier,NA,time_8,0.109038636,8
386,64.8,Male,16,Carrier,NA,baseline,0.11034442,0
386,64.8,Male,16,Carrier,NA,time_2,0.10479554,2
386,64.8,Male,16,Carrier,NA,time_4,0.106479322,4
386,64.8,Male,16,Carrier,NA,time_6,0.107866499,6
386,64.8,Male,16,Carrier,NA,time_8,0.107554171,8
387,58.6,Male,16,Carrier,NA,baseline,0.109151568,0
387,58.6,Male,16,Carrier,NA,time_2,0.110664587,2
387,58.6,Male,16,Carrier,NA,time_4,0.109132555,4
387,58.6,Male,16,Carrier,NA,time_6,0.111064613,6
387,58.6,Male,16,Carrier,NA,time_8,NA,8
388,66,Female,16,Non-carrier,NA,baseline,0.111076193,0
388,66,Female,16,Non-carrier,NA,time_2,0.112819993,2
388,66,Female,16,Non-carrier,NA,time_4,0.109345677,4
388,66,Female,16,Non-carrier,NA,time_6,0.109233323,6
388,66,Female,16,Non-carrier,NA,time_8,0.108428963,8
390,62.6,Female,16,Non-carrier,NA,baseline,0.111920365,0
390,62.6,Female,16,Non-carrier,NA,time_2,0.113983819,2
390,62.6,Female,16,Non-carrier,NA,time_4,NA,4
390,62.6,Female,16,Non-carrier,NA,time_6,0.109467492,6
390,62.6,Female,16,Non-carrier,NA,time_8,0.110308657,8
391,69,Female,18,Non-carrier,NA,baseline,0.10836807,0
391,69,Female,18,Non-carrier,NA,time_2,0.108527408,2
391,69,Female,18,Non-carrier,NA,time_4,0.103724591,4
391,69,Female,18,Non-carrier,NA,time_6,0.106425933,6
391,69,Female,18,Non-carrier,NA,time_8,0.108418488,8
392,66.8,Male,16,Non-carrier,NA,baseline,0.116843254,0
392,66.8,Male,16,Non-carrier,NA,time_2,0.106764016,2
392,66.8,Male,16,Non-carrier,NA,time_4,0.110888815,4
392,66.8,Male,16,Non-carrier,NA,time_6,0.108226146,6
392,66.8,Male,16,Non-carrier,NA,time_8,0.108759893,8
393,68.3,Male,12,Non-carrier,NA,baseline,0.113067002,0
393,68.3,Male,12,Non-carrier,NA,time_2,0.108511981,2
393,68.3,Male,12,Non-carrier,NA,time_4,0.107983711,4
393,68.3,Male,12,Non-carrier,NA,time_6,NA,6
393,68.3,Male,12,Non-carrier,NA,time_8,0.105484627,8
394,65.9,Female,16,Non-carrier,NA,baseline,0.107519754,0
394,65.9,Female,16,Non-carrier,NA,time_2,0.109540134,2
394,65.9,Female,16,Non-carrier,NA,time_4,0.108905792,4
394,65.9,Female,16,Non-carrier,NA,time_6,0.105652384,6
394,65.9,Female,16,Non-carrier,NA,time_8,0.10604638,8
395,64.7,Female,12,Non-carrier,NA,baseline,0.111582619,0
395,64.7,Female,12,Non-carrier,NA,time_2,0.107791941,2
395,64.7,Female,12,Non-carrier,NA,time_4,0.113191559,4
395,64.7,Female,12,Non-carrier,NA,time_6,0.105054008,6
395,64.7,Female,12,Non-carrier,NA,time_8,0.106679047,8
396,62.2,Male,18,Non-carrier,NA,baseline,0.113999488,0
396,62.2,Male,18,Non-carrier,NA,time_2,0.110374196,2
396,62.2,Male,18,Non-carrier,NA,time_4,0.111588415,4
396,62.2,Male,18,Non-carrier,NA,time_6,0.109551012,6
396,62.2,Male,18,Non-carrier,NA,time_8,0.112205359,8
397,69.8,Female,16,Non-carrier,NA,baseline,0.110763293,0
397,69.8,Female,16,Non-carrier,NA,time_2,0.11086958,2
397,69.8,Female,16,Non-carrier,NA,time_4,0.109251204,4
397,69.8,Female,16,Non-carrier,NA,time_6,0.112401154,6
397,69.8,Female,16,Non-carrier,NA,time_8,0.107010352,8
398,65.1,Female,16,Non-carrier,73,baseline,0.111776578,0
398,65.1,Female,16,Non-carrier,73,time_2,0.107324817,2
398,65.1,Female,16,Non-carrier,73,time_4,NA,4
398,65.1,Female,16,Non-carrier,73,time_6,0.111445759,6
398,65.1,Female,16,Non-carrier,73,time_8,0.108830555,8
399,62.9,Male,18,Non-carrier,NA,baseline,0.117121943,0
399,62.9,Male,18,Non-carrier,NA,time_2,0.11711734,2
399,62.9,Male,18,Non-carrier,NA,time_4,0.11008985,4
399,62.9,Male,18,Non-carrier,NA,time_6,0.106788506,6
399,62.9,Male,18,Non-carrier,NA,time_8,0.113044637,8
400,67.6,Female,16,Non-carrier,71.9,baseline,0.114692751,0
400,67.6,Female,16,Non-carrier,71.9,time_2,0.112106311,2
400,67.6,Female,16,Non-carrier,71.9,time_4,NA,4
400,67.6,Female,16,Non-carrier,71.9,time_6,0.108426877,6
400,67.6,Female,16,Non-carrier,71.9,time_8,0.107638328,8
401,68.2,Male,20,Non-carrier,NA,baseline,0.112569102,0
401,68.2,Male,20,Non-carrier,NA,time_2,0.111576061,2
401,68.2,Male,20,Non-carrier,NA,time_4,0.108709817,4
401,68.2,Male,20,Non-carrier,NA,time_6,0.108169892,6
401,68.2,Male,20,Non-carrier,NA,time_8,0.109443157,8
402,70.7,Female,16,Non-carrier,NA,baseline,0.107932575,0
402,70.7,Female,16,Non-carrier,NA,time_2,0.109955897,2
402,70.7,Female,16,Non-carrier,NA,time_4,0.109138644,4
402,70.7,Female,16,Non-carrier,NA,time_6,0.106436528,6
402,70.7,Female,16,Non-carrier,NA,time_8,0.106433783,8
403,63.2,Female,16,Carrier,NA,baseline,0.108716933,0
403,63.2,Female,16,Carrier,NA,time_2,0.112528009,2
403,63.2,Female,16,Carrier,NA,time_4,0.105718947,4
403,63.2,Female,16,Carrier,NA,time_6,0.105514681,6
403,63.2,Female,16,Carrier,NA,time_8,0.109671392,8
404,63.8,Male,20,Carrier,NA,baseline,0.106223701,0
404,63.8,Male,20,Carrier,NA,time_2,0.111414357,2
404,63.8,Male,20,Carrier,NA,time_4,0.104911411,4
404,63.8,Male,20,Carrier,NA,time_6,NA,6
404,63.8,Male,20,Carrier,NA,time_8,NA,8
405,63.8,Male,18,Non-carrier,NA,baseline,0.112091811,0
405,63.8,Male,18,Non-carrier,NA,time_2,0.110110034,2
405,63.8,Male,18,Non-carrier,NA,time_4,0.112359417,4
405,63.8,Male,18,Non-carrier,NA,time_6,0.10680939,6
405,63.8,Male,18,Non-carrier,NA,time_8,0.110450379,8
406,63.9,Female,16,Non-carrier,NA,baseline,0.110644536,0
406,63.9,Female,16,Non-carrier,NA,time_2,0.113750326,2
406,63.9,Female,16,Non-carrier,NA,time_4,0.113785139,4
406,63.9,Female,16,Non-carrier,NA,time_6,0.108150086,6
406,63.9,Female,16,Non-carrier,NA,time_8,0.108537751,8
407,63.9,Male,16,Non-carrier,NA,baseline,0.113153337,0
407,63.9,Male,16,Non-carrier,NA,time_2,0.114635971,2
407,63.9,Male,16,Non-carrier,NA,time_4,0.114431707,4
407,63.9,Male,16,Non-carrier,NA,time_6,0.1137278,6
407,63.9,Male,16,Non-carrier,NA,time_8,0.109429577,8
408,64.1,Male,20,Carrier,70.2,baseline,0.110779441,0
408,64.1,Male,20,Carrier,70.2,time_2,0.11081594,2
408,64.1,Male,20,Carrier,70.2,time_4,0.111759647,4
408,64.1,Male,20,Carrier,70.2,time_6,0.10560759,6
408,64.1,Male,20,Carrier,70.2,time_8,0.11096394,8
409,69.3,Male,16,Carrier,75.2,baseline,0.109306118,0
409,69.3,Male,16,Carrier,75.2,time_2,0.109355444,2
409,69.3,Male,16,Carrier,75.2,time_4,0.104203305,4
409,69.3,Male,16,Carrier,75.2,time_6,0.104801719,6
409,69.3,Male,16,Carrier,75.2,time_8,0.104392625,8
410,62.9,Male,16,Non-carrier,NA,baseline,0.111475498,0
410,62.9,Male,16,Non-carrier,NA,time_2,NA,2
410,62.9,Male,16,Non-carrier,NA,time_4,0.10934428,4
410,62.9,Male,16,Non-carrier,NA,time_6,0.111442617,6
410,62.9,Male,16,Non-carrier,NA,time_8,NA,8
411,63.8,Male,16,Carrier,NA,baseline,0.10826737,0
411,63.8,Male,16,Carrier,NA,time_2,0.104959222,2
411,63.8,Male,16,Carrier,NA,time_4,0.109323546,4
411,63.8,Male,16,Carrier,NA,time_6,0.108688383,6
411,63.8,Male,16,Carrier,NA,time_8,0.108075209,8
413,68.4,Male,20,Non-carrier,NA,baseline,0.108723744,0
413,68.4,Male,20,Non-carrier,NA,time_2,0.111658125,2
413,68.4,Male,20,Non-carrier,NA,time_4,0.108361884,4
413,68.4,Male,20,Non-carrier,NA,time_6,0.109812625,6
413,68.4,Male,20,Non-carrier,NA,time_8,0.108399149,8
414,62.7,Female,16,Non-carrier,NA,baseline,0.112159297,0
414,62.7,Female,16,Non-carrier,NA,time_2,NA,2
414,62.7,Female,16,Non-carrier,NA,time_4,0.110668669,4
414,62.7,Female,16,Non-carrier,NA,time_6,0.109035478,6
414,62.7,Female,16,Non-carrier,NA,time_8,0.107674925,8
415,63.5,Male,18,Non-carrier,NA,baseline,0.112331985,0
415,63.5,Male,18,Non-carrier,NA,time_2,0.111208241,2
415,63.5,Male,18,Non-carrier,NA,time_4,0.113835848,4
415,63.5,Male,18,Non-carrier,NA,time_6,0.111187111,6
415,63.5,Male,18,Non-carrier,NA,time_8,0.109214307,8
416,66.6,Female,16,Non-carrier,68.9,baseline,0.111767429,0
416,66.6,Female,16,Non-carrier,68.9,time_2,0.109024281,2
416,66.6,Female,16,Non-carrier,68.9,time_4,0.113209208,4
416,66.6,Female,16,Non-carrier,68.9,time_6,0.105000017,6
416,66.6,Female,16,Non-carrier,68.9,time_8,0.106021985,8
417,68.1,Female,16,Carrier,72.5,baseline,0.109277104,0
417,68.1,Female,16,Carrier,72.5,time_2,0.10508806,2
417,68.1,Female,16,Carrier,72.5,time_4,0.105360371,4
417,68.1,Female,16,Carrier,72.5,time_6,0.105517925,6
417,68.1,Female,16,Carrier,72.5,time_8,0.10132809,8
418,64.2,Male,12,Carrier,NA,baseline,0.11162232,0
418,64.2,Male,12,Carrier,NA,time_2,NA,2
418,64.2,Male,12,Carrier,NA,time_4,0.107605532,4
418,64.2,Male,12,Carrier,NA,time_6,0.103964874,6
418,64.2,Male,12,Carrier,NA,time_8,0.105055193,8
419,60.7,Female,16,Carrier,63.8,baseline,0.114644146,0
419,60.7,Female,16,Carrier,63.8,time_2,0.108243592,2
419,60.7,Female,16,Carrier,63.8,time_4,0.112268963,4
419,60.7,Female,16,Carrier,63.8,time_6,0.106069914,6
419,60.7,Female,16,Carrier,63.8,time_8,0.10415295,8
420,70.1,Male,16,Non-carrier,NA,baseline,0.10960311,0
420,70.1,Male,16,Non-carrier,NA,time_2,0.111670212,2
420,70.1,Male,16,Non-carrier,NA,time_4,0.107412607,4
420,70.1,Male,16,Non-carrier,NA,time_6,0.110715141,6
420,70.1,Male,16,Non-carrier,NA,time_8,NA,8
421,69.3,Female,16,Non-carrier,NA,baseline,0.113799342,0
421,69.3,Female,16,Non-carrier,NA,time_2,0.107506943,2
421,69.3,Female,16,Non-carrier,NA,time_4,0.105009479,4
421,69.3,Female,16,Non-carrier,NA,time_6,0.111238236,6
421,69.3,Female,16,Non-carrier,NA,time_8,0.108845336,8
422,62.9,Female,12,Carrier,NA,baseline,0.106676555,0
422,62.9,Female,12,Carrier,NA,time_2,0.105541532,2
422,62.9,Female,12,Carrier,NA,time_4,0.107451301,4
422,62.9,Female,12,Carrier,NA,time_6,0.108318444,6
422,62.9,Female,12,Carrier,NA,time_8,0.105647539,8
423,64.8,Female,16,Carrier,70.3,baseline,0.108118705,0
423,64.8,Female,16,Carrier,70.3,time_2,0.107796862,2
423,64.8,Female,16,Carrier,70.3,time_4,0.107986282,4
423,64.8,Female,16,Carrier,70.3,time_6,0.103578995,6
423,64.8,Female,16,Carrier,70.3,time_8,0.11011534,8
424,59.7,Male,18,Carrier,62.9,baseline,0.107988193,0
424,59.7,Male,18,Carrier,62.9,time_2,0.10727975,2
424,59.7,Male,18,Carrier,62.9,time_4,NA,4
424,59.7,Male,18,Carrier,62.9,time_6,0.107820109,6
424,59.7,Male,18,Carrier,62.9,time_8,0.107154515,8
425,66.7,Male,16,Non-carrier,NA,baseline,0.111313214,0
425,66.7,Male,16,Non-carrier,NA,time_2,0.110991653,2
425,66.7,Male,16,Non-carrier,NA,time_4,0.110098963,4
425,66.7,Male,16,Non-carrier,NA,time_6,0.111583618,6
425,66.7,Male,16,Non-carrier,NA,time_8,0.108913147,8
426,69.8,Male,16,Non-carrier,76.8,baseline,0.110310062,0
426,69.8,Male,16,Non-carrier,76.8,time_2,0.106626194,2
426,69.8,Male,16,Non-carrier,76.8,time_4,0.105759193,4
426,69.8,Male,16,Non-carrier,76.8,time_6,0.108039787,6
426,69.8,Male,16,Non-carrier,76.8,time_8,0.105913739,8
427,60.1,Male,12,Non-carrier,NA,baseline,0.110183865,0
427,60.1,Male,12,Non-carrier,NA,time_2,0.109537729,2
427,60.1,Male,12,Non-carrier,NA,time_4,0.114423322,4
427,60.1,Male,12,Non-carrier,NA,time_6,0.11234487,6
427,60.1,Male,12,Non-carrier,NA,time_8,NA,8
428,62.7,Male,18,Non-carrier,NA,baseline,0.109593275,0
428,62.7,Male,18,Non-carrier,NA,time_2,0.111114254,2
428,62.7,Male,18,Non-carrier,NA,time_4,0.111706224,4
428,62.7,Male,18,Non-carrier,NA,time_6,0.109712911,6
428,62.7,Male,18,Non-carrier,NA,time_8,0.110886067,8
429,63.1,Male,16,Carrier,NA,baseline,0.10860544,0
429,63.1,Male,16,Carrier,NA,time_2,0.112263306,2
429,63.1,Male,16,Carrier,NA,time_4,0.10961454,4
429,63.1,Male,16,Carrier,NA,time_6,0.107045634,6
429,63.1,Male,16,Carrier,NA,time_8,0.108090234,8
430,63,Female,20,Non-carrier,NA,baseline,0.111110976,0
430,63,Female,20,Non-carrier,NA,time_2,0.113769421,2
430,63,Female,20,Non-carrier,NA,time_4,0.113034346,4
430,63,Female,20,Non-carrier,NA,time_6,NA,6
430,63,Female,20,Non-carrier,NA,time_8,NA,8
431,58.9,Male,16,Carrier,61.2,baseline,0.117180111,0
431,58.9,Male,16,Carrier,61.2,time_2,0.110687702,2
431,58.9,Male,16,Carrier,61.2,time_4,0.107133996,4
431,58.9,Male,16,Carrier,61.2,time_6,0.10872562,6
431,58.9,Male,16,Carrier,61.2,time_8,0.106799552,8
432,66.5,Female,16,Non-carrier,NA,baseline,0.10543651,0
432,66.5,Female,16,Non-carrier,NA,time_2,0.110921688,2
432,66.5,Female,16,Non-carrier,NA,time_4,NA,4
432,66.5,Female,16,Non-carrier,NA,time_6,0.108020545,6
432,66.5,Female,16,Non-carrier,NA,time_8,0.110984951,8
433,60.4,Male,12,Carrier,NA,baseline,0.11095067,0
433,60.4,Male,12,Carrier,NA,time_2,0.112410406,2
433,60.4,Male,12,Carrier,NA,time_4,0.109277554,4
433,60.4,Male,12,Carrier,NA,time_6,0.108903841,6
433,60.4,Male,12,Carrier,NA,time_8,0.106948706,8
434,64.9,Male,16,Non-carrier,NA,baseline,0.114574762,0
434,64.9,Male,16,Non-carrier,NA,time_2,0.110975001,2
434,64.9,Male,16,Non-carrier,NA,time_4,0.115847696,4
434,64.9,Male,16,Non-carrier,NA,time_6,0.109552336,6
434,64.9,Male,16,Non-carrier,NA,time_8,0.108468762,8
435,66.8,Female,16,Non-carrier,NA,baseline,0.109042458,0
435,66.8,Female,16,Non-carrier,NA,time_2,0.110343846,2
435,66.8,Female,16,Non-carrier,NA,time_4,0.111359897,4
435,66.8,Female,16,Non-carrier,NA,time_6,0.111916307,6
435,66.8,Female,16,Non-carrier,NA,time_8,0.109640853,8
436,64.4,Male,12,Carrier,NA,baseline,0.104514207,0
436,64.4,Male,12,Carrier,NA,time_2,0.110257977,2
436,64.4,Male,12,Carrier,NA,time_4,0.111416661,4
436,64.4,Male,12,Carrier,NA,time_6,0.108085945,6
436,64.4,Male,12,Carrier,NA,time_8,0.10012247,8
437,67.7,Female,18,Carrier,NA,baseline,0.108135916,0
437,67.7,Female,18,Carrier,NA,time_2,0.105255451,2
437,67.7,Female,18,Carrier,NA,time_4,NA,4
437,67.7,Female,18,Carrier,NA,time_6,0.103392509,6
437,67.7,Female,18,Carrier,NA,time_8,0.103583169,8
438,64.9,Female,16,Non-carrier,NA,baseline,0.111720018,0
438,64.9,Female,16,Non-carrier,NA,time_2,0.107789231,2
438,64.9,Female,16,Non-carrier,NA,time_4,0.11042367,4
438,64.9,Female,16,Non-carrier,NA,time_6,0.108223344,6
438,64.9,Female,16,Non-carrier,NA,time_8,0.10967436,8
439,63.1,Female,16,Non-carrier,NA,baseline,0.109270125,0
439,63.1,Female,16,Non-carrier,NA,time_2,NA,2
439,63.1,Female,16,Non-carrier,NA,time_4,0.110776789,4
439,63.1,Female,16,Non-carrier,NA,time_6,0.103173607,6
439,63.1,Female,16,Non-carrier,NA,time_8,0.107273022,8
440,66.9,Male,16,Carrier,72.3,baseline,0.108088699,0
440,66.9,Male,16,Carrier,72.3,time_2,0.10864704,2
440,66.9,Male,16,Carrier,72.3,time_4,0.108510511,4
440,66.9,Male,16,Carrier,72.3,time_6,NA,6
440,66.9,Male,16,Carrier,72.3,time_8,0.103824334,8
441,63.7,Female,18,Non-carrier,NA,baseline,0.113751765,0
441,63.7,Female,18,Non-carrier,NA,time_2,NA,2
441,63.7,Female,18,Non-carrier,NA,time_4,0.109578073,4
441,63.7,Female,18,Non-carrier,NA,time_6,NA,6
441,63.7,Female,18,Non-carrier,NA,time_8,0.109615973,8
442,70.3,Male,18,Non-carrier,71.3,baseline,0.107946154,0
442,70.3,Male,18,Non-carrier,71.3,time_2,0.114161562,2
442,70.3,Male,18,Non-carrier,71.3,time_4,0.1105537,4
442,70.3,Male,18,Non-carrier,71.3,time_6,0.106454629,6
442,70.3,Male,18,Non-carrier,71.3,time_8,0.103088929,8
443,64.9,Male,20,Carrier,NA,baseline,0.10722303,0
443,64.9,Male,20,Carrier,NA,time_2,0.108332103,2
443,64.9,Male,20,Carrier,NA,time_4,0.102615472,4
443,64.9,Male,20,Carrier,NA,time_6,0.105995796,6
443,64.9,Male,20,Carrier,NA,time_8,0.10901351,8
444,67.6,Female,16,Non-carrier,NA,baseline,0.113098331,0
444,67.6,Female,16,Non-carrier,NA,time_2,0.109344515,2
444,67.6,Female,16,Non-carrier,NA,time_4,0.109770461,4
444,67.6,Female,16,Non-carrier,NA,time_6,0.106564458,6
444,67.6,Female,16,Non-carrier,NA,time_8,0.106285924,8
445,65.6,Female,16,Non-carrier,NA,baseline,0.110213517,0
445,65.6,Female,16,Non-carrier,NA,time_2,0.112164768,2
445,65.6,Female,16,Non-carrier,NA,time_4,0.111268016,4
445,65.6,Female,16,Non-carrier,NA,time_6,0.108200866,6
445,65.6,Female,16,Non-carrier,NA,time_8,0.110846192,8
446,56,Male,16,Carrier,NA,baseline,0.106255778,0
446,56,Male,16,Carrier,NA,time_2,0.110742988,2
446,56,Male,16,Carrier,NA,time_4,0.113766563,4
446,56,Male,16,Carrier,NA,time_6,0.113627495,6
446,56,Male,16,Carrier,NA,time_8,0.111382255,8
447,60.9,Male,16,Non-carrier,NA,baseline,0.11419391499999999,0
447,60.9,Male,16,Non-carrier,NA,time_2,0.113647613,2
447,60.9,Male,16,Non-carrier,NA,time_4,0.111391413,4
447,60.9,Male,16,Non-carrier,NA,time_6,0.109293994,6
447,60.9,Male,16,Non-carrier,NA,time_8,0.109824567,8
448,63.7,Male,12,Carrier,68.5,baseline,0.109258188,0
448,63.7,Male,12,Carrier,68.5,time_2,0.105841078,2
448,63.7,Male,12,Carrier,68.5,time_4,0.107747641,4
448,63.7,Male,12,Carrier,68.5,time_6,NA,6
448,63.7,Male,12,Carrier,68.5,time_8,0.10382381,8
449,65.7,Male,16,Carrier,69.6,baseline,0.106108076,0
449,65.7,Male,16,Carrier,69.6,time_2,0.106946238,2
449,65.7,Male,16,Carrier,69.6,time_4,0.109820109,4
449,65.7,Male,16,Carrier,69.6,time_6,NA,6
449,65.7,Male,16,Carrier,69.6,time_8,0.108115146,8
450,58,Female,16,Non-carrier,NA,baseline,0.110871392,0
450,58,Female,16,Non-carrier,NA,time_2,0.11233316,2
450,58,Female,16,Non-carrier,NA,time_4,0.110993465,4
450,58,Female,16,Non-carrier,NA,time_6,0.110439488,6
450,58,Female,16,Non-carrier,NA,time_8,0.109777692,8
451,67.9,Female,16,Non-carrier,NA,baseline,0.103817071,0
451,67.9,Female,16,Non-carrier,NA,time_2,0.106886333,2
451,67.9,Female,16,Non-carrier,NA,time_4,0.110564206,4
451,67.9,Female,16,Non-carrier,NA,time_6,0.111948352,6
451,67.9,Female,16,Non-carrier,NA,time_8,0.105686326,8
452,63.2,Male,16,Carrier,70.1,baseline,0.108803351,0
452,63.2,Male,16,Carrier,70.1,time_2,NA,2
452,63.2,Male,16,Carrier,70.1,time_4,0.107040939,4
452,63.2,Male,16,Carrier,70.1,time_6,0.108567858,6
452,63.2,Male,16,Carrier,70.1,time_8,0.105120602,8
453,62.7,Male,18,Non-carrier,68.6,baseline,0.113857033,0
453,62.7,Male,18,Non-carrier,68.6,time_2,0.112321772,2
453,62.7,Male,18,Non-carrier,68.6,time_4,0.108314519,4
453,62.7,Male,18,Non-carrier,68.6,time_6,0.109028408,6
453,62.7,Male,18,Non-carrier,68.6,time_8,0.106029713,8
454,60.3,Female,16,Carrier,NA,baseline,0.107184782,0
454,60.3,Female,16,Carrier,NA,time_2,0.112458593,2
454,60.3,Female,16,Carrier,NA,time_4,0.106626914,4
454,60.3,Female,16,Carrier,NA,time_6,0.106243479,6
454,60.3,Female,16,Carrier,NA,time_8,0.104957373,8
455,60.6,Female,18,Non-carrier,NA,baseline,0.114536385,0
455,60.6,Female,18,Non-carrier,NA,time_2,0.113694314,2
455,60.6,Female,18,Non-carrier,NA,time_4,0.114421157,4
455,60.6,Female,18,Non-carrier,NA,time_6,0.113062703,6
455,60.6,Female,18,Non-carrier,NA,time_8,0.109135023,8
456,65.2,Male,16,Non-carrier,NA,baseline,0.113702455,0
456,65.2,Male,16,Non-carrier,NA,time_2,NA,2
456,65.2,Male,16,Non-carrier,NA,time_4,0.114616772,4
456,65.2,Male,16,Non-carrier,NA,time_6,NA,6
456,65.2,Male,16,Non-carrier,NA,time_8,NA,8
457,66.5,Female,12,Carrier,NA,baseline,0.106417695,0
457,66.5,Female,12,Carrier,NA,time_2,0.107201293,2
457,66.5,Female,12,Carrier,NA,time_4,0.108348057,4
457,66.5,Female,12,Carrier,NA,time_6,0.108864187,6
457,66.5,Female,12,Carrier,NA,time_8,0.106687822,8
458,58.7,Male,16,Carrier,NA,baseline,0.11242496,0
458,58.7,Male,16,Carrier,NA,time_2,0.111832245,2
458,58.7,Male,16,Carrier,NA,time_4,0.110254455,4
458,58.7,Male,16,Carrier,NA,time_6,0.108375329,6
458,58.7,Male,16,Carrier,NA,time_8,0.10876232500000001,8
459,62,Male,16,Non-carrier,NA,baseline,0.11079733,0
459,62,Male,16,Non-carrier,NA,time_2,0.111978578,2
459,62,Male,16,Non-carrier,NA,time_4,0.113613587,4
459,62,Male,16,Non-carrier,NA,time_6,0.11285406,6
459,62,Male,16,Non-carrier,NA,time_8,0.109816686,8
460,66.6,Female,16,Non-carrier,NA,baseline,0.111177153,0
460,66.6,Female,16,Non-carrier,NA,time_2,0.109035694,2
460,66.6,Female,16,Non-carrier,NA,time_4,0.10707184,4
460,66.6,Female,16,Non-carrier,NA,time_6,NA,6
460,66.6,Female,16,Non-carrier,NA,time_8,0.103722411,8
461,63.6,Male,18,Non-carrier,NA,baseline,0.11131826,0
461,63.6,Male,18,Non-carrier,NA,time_2,0.111722852,2
461,63.6,Male,18,Non-carrier,NA,time_4,0.110242553,4
461,63.6,Male,18,Non-carrier,NA,time_6,0.111167073,6
461,63.6,Male,18,Non-carrier,NA,time_8,0.108521001,8
462,71.5,Male,16,Non-carrier,NA,baseline,0.113264904,0
462,71.5,Male,16,Non-carrier,NA,time_2,0.109714173,2
462,71.5,Male,16,Non-carrier,NA,time_4,0.107209301,4
462,71.5,Male,16,Non-carrier,NA,time_6,NA,6
462,71.5,Male,16,Non-carrier,NA,time_8,0.105025549,8
463,68.7,Female,16,Carrier,NA,baseline,0.104653126,0
463,68.7,Female,16,Carrier,NA,time_2,0.108005891,2
463,68.7,Female,16,Carrier,NA,time_4,NA,4
463,68.7,Female,16,Carrier,NA,time_6,0.100516477,6
463,68.7,Female,16,Carrier,NA,time_8,0.105967832,8
464,66.8,Male,20,Non-carrier,NA,baseline,0.113219556,0
464,66.8,Male,20,Non-carrier,NA,time_2,0.113897597,2
464,66.8,Male,20,Non-carrier,NA,time_4,0.109726598,4
464,66.8,Male,20,Non-carrier,NA,time_6,0.111430567,6
464,66.8,Male,20,Non-carrier,NA,time_8,0.109383737,8
465,65,Male,16,Non-carrier,NA,baseline,0.107501228,0
465,65,Male,16,Non-carrier,NA,time_2,0.114188362,2
465,65,Male,16,Non-carrier,NA,time_4,0.109159353,4
465,65,Male,16,Non-carrier,NA,time_6,0.115900536,6
465,65,Male,16,Non-carrier,NA,time_8,0.112619995,8
466,65.8,Male,18,Non-carrier,NA,baseline,0.115142096,0
466,65.8,Male,18,Non-carrier,NA,time_2,0.116062053,2
466,65.8,Male,18,Non-carrier,NA,time_4,0.111334526,4
466,65.8,Male,18,Non-carrier,NA,time_6,0.109230611,6
466,65.8,Male,18,Non-carrier,NA,time_8,0.105973147,8
467,62.9,Male,18,Non-carrier,NA,baseline,0.114514549,0
467,62.9,Male,18,Non-carrier,NA,time_2,0.11092243,2
467,62.9,Male,18,Non-carrier,NA,time_4,0.114942874,4
467,62.9,Male,18,Non-carrier,NA,time_6,NA,6
467,62.9,Male,18,Non-carrier,NA,time_8,0.109947017,8
468,66.9,Female,16,Carrier,NA,baseline,0.109642837,0
468,66.9,Female,16,Carrier,NA,time_2,NA,2
468,66.9,Female,16,Carrier,NA,time_4,0.111914804,4
468,66.9,Female,16,Carrier,NA,time_6,0.104893822,6
468,66.9,Female,16,Carrier,NA,time_8,0.105111863,8
469,69.4,Female,18,Non-carrier,NA,baseline,0.108393823,0
469,69.4,Female,18,Non-carrier,NA,time_2,NA,2
469,69.4,Female,18,Non-carrier,NA,time_4,0.110604278,4
469,69.4,Female,18,Non-carrier,NA,time_6,0.104722327,6
469,69.4,Female,18,Non-carrier,NA,time_8,0.107260583,8
470,68.3,Male,12,Non-carrier,NA,baseline,0.112726926,0
470,68.3,Male,12,Non-carrier,NA,time_2,0.108474775,2
470,68.3,Male,12,Non-carrier,NA,time_4,0.112524173,4
470,68.3,Male,12,Non-carrier,NA,time_6,0.108815306,6
470,68.3,Male,12,Non-carrier,NA,time_8,0.11100606,8
471,62.6,Male,16,Carrier,68.9,baseline,0.111027383,0
471,62.6,Male,16,Carrier,68.9,time_2,0.106424715,2
471,62.6,Male,16,Carrier,68.9,time_4,0.111068422,4
471,62.6,Male,16,Carrier,68.9,time_6,0.107208238,6
471,62.6,Male,16,Carrier,68.9,time_8,0.110534005,8
472,60.1,Female,12,Non-carrier,NA,baseline,0.111204398,0
472,60.1,Female,12,Non-carrier,NA,time_2,0.115584445,2
472,60.1,Female,12,Non-carrier,NA,time_4,0.109258812,4
472,60.1,Female,12,Non-carrier,NA,time_6,0.112268992,6
472,60.1,Female,12,Non-carrier,NA,time_8,0.113516834,8
473,64.7,Female,16,Non-carrier,NA,baseline,0.11055729,0
473,64.7,Female,16,Non-carrier,NA,time_2,0.110901035,2
473,64.7,Female,16,Non-carrier,NA,time_4,0.10788113,4
473,64.7,Female,16,Non-carrier,NA,time_6,0.111750296,6
473,64.7,Female,16,Non-carrier,NA,time_8,0.110563091,8
474,66.3,Male,16,Non-carrier,NA,baseline,0.110554761,0
474,66.3,Male,16,Non-carrier,NA,time_2,0.111891005,2
474,66.3,Male,16,Non-carrier,NA,time_4,0.114904251,4
474,66.3,Male,16,Non-carrier,NA,time_6,0.109917734,6
474,66.3,Male,16,Non-carrier,NA,time_8,0.107265883,8
475,69.1,Male,16,Non-carrier,NA,baseline,0.113232698,0
475,69.1,Male,16,Non-carrier,NA,time_2,0.110865707,2
475,69.1,Male,16,Non-carrier,NA,time_4,0.107566501,4
475,69.1,Male,16,Non-carrier,NA,time_6,0.10915194,6
475,69.1,Male,16,Non-carrier,NA,time_8,0.105219974,8
476,61,Male,16,Non-carrier,NA,baseline,0.112312851,0
476,61,Male,16,Non-carrier,NA,time_2,0.111471394,2
476,61,Male,16,Non-carrier,NA,time_4,0.112400645,4
476,61,Male,16,Non-carrier,NA,time_6,0.105352234,6
476,61,Male,16,Non-carrier,NA,time_8,0.112690811,8
477,66.1,Female,18,Non-carrier,NA,baseline,0.112624527,0
477,66.1,Female,18,Non-carrier,NA,time_2,0.107853728,2
477,66.1,Female,18,Non-carrier,NA,time_4,0.109543928,4
477,66.1,Female,18,Non-carrier,NA,time_6,0.108449884,6
477,66.1,Female,18,Non-carrier,NA,time_8,0.1056868,8
478,65.7,Male,16,Non-carrier,NA,baseline,0.11201055,0
478,65.7,Male,16,Non-carrier,NA,time_2,0.115357869,2
478,65.7,Male,16,Non-carrier,NA,time_4,0.108104159,4
478,65.7,Male,16,Non-carrier,NA,time_6,0.111896156,6
478,65.7,Male,16,Non-carrier,NA,time_8,0.110659401,8
479,68.6,Female,18,Non-carrier,NA,baseline,0.105849802,0
479,68.6,Female,18,Non-carrier,NA,time_2,0.106460984,2
479,68.6,Female,18,Non-carrier,NA,time_4,0.110864882,4
479,68.6,Female,18,Non-carrier,NA,time_6,0.106587438,6
479,68.6,Female,18,Non-carrier,NA,time_8,0.104918776,8
480,64.9,Female,20,Non-carrier,NA,baseline,0.115047403,0
480,64.9,Female,20,Non-carrier,NA,time_2,0.109866698,2
480,64.9,Female,20,Non-carrier,NA,time_4,0.110644645,4
480,64.9,Female,20,Non-carrier,NA,time_6,0.108962615,6
480,64.9,Female,20,Non-carrier,NA,time_8,0.111075379,8
481,63.9,Male,16,Non-carrier,NA,baseline,0.113442174,0
481,63.9,Male,16,Non-carrier,NA,time_2,0.112416335,2
481,63.9,Male,16,Non-carrier,NA,time_4,0.113371917,4
481,63.9,Male,16,Non-carrier,NA,time_6,0.112762154,6
481,63.9,Male,16,Non-carrier,NA,time_8,0.110903612,8
482,61.6,Male,18,Non-carrier,NA,baseline,0.116135142,0
482,61.6,Male,18,Non-carrier,NA,time_2,0.114311943,2
482,61.6,Male,18,Non-carrier,NA,time_4,0.113397136,4
482,61.6,Male,18,Non-carrier,NA,time_6,0.110586042,6
482,61.6,Male,18,Non-carrier,NA,time_8,0.112990595,8
483,63.4,Male,16,Carrier,NA,baseline,0.108782286,0
483,63.4,Male,16,Carrier,NA,time_2,0.10723613,2
483,63.4,Male,16,Carrier,NA,time_4,0.108469817,4
483,63.4,Male,16,Carrier,NA,time_6,0.107775949,6
483,63.4,Male,16,Carrier,NA,time_8,0.105178037,8
